id,cpse,sector,local_code,description,uom,category_raw,price
508,BPCL,Oil & Gas,B-235715,CABLE 3.5CX6 SQMM COPPER PVC UNARM 1.1KV,Mtr,WIRE,670.43
167,HPCL,Oil & Gas,H74350313,SMLS PIPE 25MM SCH80 G.I.,Mtr,TUBE,2727.77
628,CIL,Mining,CIL622654,spring washer m16 gr. 4.6 zinc plated make polycab,No,HARDWARE,55.27
920,ONGC,Oil & Gas,ON6952223,ERW PIPE 50MM SCH20 STAINLESS TSEEL 304,MTRS,PIPE,1550.6
1257,SAIL,Steel,S926-2517,SCREW PMP 7.5HP SSTAINLESS STEEL,NOS.,PUMP ASSY,48384.84
1045,CPCL,Oil & Gas,MAT9247688,CABLE 1CX50 SQMM CU XLPE UNARM 3.3KV,METER,ELECT CABLE,937.1
1190,HPCL,Oil & Gas,H53185004,Pipe Sch160 Erw Carbon 50Mm,MTR,MS/CS PIPE,1433.43
867,SAIL,Steel,S649-3121,8.8 WASHER GRADE M24 ZINC SPRING PLATED,EACH,FASTENERS,25.25
359,CIL,Mining,CIL164938,100mm BLACK x STUD 4.6 BOLT M20 GR.,No,FIXING,15.33
141,ONGC,Oil & Gas,ON0561648,cent pmp 10hp stainless stl,EACH,PUMPS,80177.27
589,HPCL,Oil & Gas,H85806235,valve check 200mm stl cl300 flg stainless,PCS,VALVE,8347.28
1121,GAIL,Oil & Gas,116861-G,22210 ROLLER SPHERICAL 2RS BRG,EACH,ANTI FRICTION BEARING,191.26
1265,CPCL,Oil & Gas,MAT0888060,SCREW PUMP 10HP CI,EACH,PUMPS,54471.47
680,CIL,Mining,CIL556409,BALL VLV 80mm CL150 C.I. FLANGED,NOS.,ISOLATION VALVE,3416.65
1060,BHEL,Heavy Engineering,6409/8058,seamless pipe 150mm sch160 ss 304,METER,PIPE,1704.78
1247,HPCL,Oil & Gas,H78889221,CBL 3.5C*10 SQMM CU *LPE ARMOURED 3.3KV,Mtr,ELECT CABLE,1226.44
1203,BHEL,Heavy Engineering,5783/0455,spring washer m24 grdae 8.8 plain,UNIT,FIXING,21.86
319,HPCL,Oil & Gas,H62566093,PMP SUBMERSIBLE C.STEEL 1HP,EACH,PUMPS,57412.7
772,HPCL,Oil & Gas,H70886406,2RS BALL BEARING 6204,EACH,BEARING,2273.52
1093,SAIL,Steel,S608-5571,SCREW PUMP 15HP CARBON STEEL,EACH,PUMP,62101.85
988,BPCL,Oil & Gas,B-260967,ALLEN BOLT M20X65 MM GR. 8.8 ZINC PLATED,NOS,FIXING,36.38
983,CPCL,Oil & Gas,MAT4583744,ALLEN BOLT M20X65MM GR. 8.8 ZINC PLATED,NOS,HARDWARE,39.69
1239,BPCL,Oil & Gas,B-993547,ring jiont gkt 25mm cl300,NO,GSKT,150.68
1053,IOCL,Oil & Gas,768714134,GLOBE VLV 80MM CL300 CARBON STEEL FLANGED,EACH,VALVES,16983.72
797,IOCL,Oil & Gas,485007288,PMP CARBON 25HP STEEL SCREW,Each,PUMPING UNIT,76046.87
1219,IOCL,Oil & Gas,192205135,ASTM A106 SPIRAL WOUND GSKT 100MM PN16,EACH,GSKT,1369.62
331,NTPC,Power,NT69432029,Cbl 3.5Cx2.5 Sq Mm Copper Xlpe Armoured 1.1Kv,METER,ELECT CABLE,754.92
210,SAIL,Steel,S870-0505,WLEDED PIPE 150MM SCH40 CARBON STEEL,Mtr,PIPING,2400.4
63,BPCL,Oil & Gas,B-565060,CENTRIF PUMP 2HP STAINLESS STEEL,EACH,PUMPING UNIT,41785.54
171,BPCL,Oil & Gas,B-650948,STAINLESS SCH80 150MM PIPE 316 ERW STL,RMT,MS/CS PIPE,1316.44
639,HPCL,Oil & Gas,H76205459,CABLE UNARMD ALUMINIUM MM PVC 11KV 3.5CX50 SQ,MTRS,CABLE,762.01
1039,CPCL,Oil & Gas,MAT3777303,as per is2062 taper roller bearing 30205 zz,No,BEARINGS,1673.54
1087,BPCL,Oil & Gas,B-889728,STUD BOLT M20 x 20mm STEEL 304 GALVANIZED,EACH,FIXING,29.11
546,CIL,Mining,CIL073095,SPHERICAL ROLLER BEARING 6307 ZZ,No,BEARING,1246.42
96,BPCL,Oil & Gas,B-241541,150MM PIPE TSEEL STAINLESS SMLS SCH40 304,RMT,TUBE,3007.6
677,GAIL,Oil & Gas,648467-G,SUBMERSIBLE PMP 7.5HP CARBON,EACH,PUMP ASSY,83039.37
897,ONGC,Oil & Gas,ON7209451,bolt m8x25mm 8.8 grade hex plain ref dwg,EA,FASTENERS,69.34
975,ONGC,Oil & Gas,ON5626996,BOLT 10.9 M24X40MM GRADE ALLEN BLACK,NO,HARDWARE,31.4
1184,SAIL,Steel,S602-7068,25MM WELDED STEEL PIPE CARBON SCH40,METER,PIPES,966.01
1133,BHEL,Heavy Engineering,7487/6296,CHECK VALVE 200MM CL300 STAINLESS STL SCREWDE,NOS.,VLV,14486.26
376,NTPC,Power,NT66176620,HEX M6 GRADE NUT 10.9 ZINC,EACH,BOLT & NUT,57.93
470,GAIL,Oil & Gas,512959-G,BLACK WASHER SPRIGN M6 10.9,UNIT,FASTENERS,14.23
1170,NTPC,Power,NT84726439,S.S. SUBMERSIBLE 25HP PMP MAKE L&T,EACH,PUMP ASSY,56273.49
545,NTPC,Power,NT61863239,6307 SHPERICAL ZZ ROLLER BRG,EACH,ANTI FRICTION BEARING,1170.36
138,CIL,Mining,CIL066658,CENTRIFUGAL PUMP SS,PCS,PUMPING UNIT,81908.89
277,ONGC,Oil & Gas,ON8071569,SMLS PIPE 15MM SCH160 STAINLESS STL 316,Metre,PIPE,2424.41
824,HPCL,Oil & Gas,H84423471,4.6 GR M24 HEX PLATED ZINC NUT,PCS,FASTENERS,12.17
402,GAIL,Oil & Gas,662411-G,MAKE KIRLOSKAR M12 IZNC WASHER GRADE PLATED 4.6 PLAIN,EACH,FASTENER,8.3
36,SAIL,Steel,S851-6048,ALLEN PLAIN STEEL 304 STAINLESS M6x100MM BOLT,PCS,HARDWARE,54.52
910,CPCL,Oil & Gas,MAT3172665,BALL BER 6003 ZZ,PCS,BEARING,1234.87
106,NTPC,Power,NT74741124,AS PER IS2062 100MM GKT CL150 WOUND SPIRAL,No,GASKETS,1643.7
547,IOCL,Oil & Gas,851905348,SPHERICAL ROLLER BRNG 6307 ZZ MAKE FAG,EA,BALL/ROLLER BRG,1369.63
324,CPCL,Oil & Gas,MAT0167318,ger pump 2hp carbon steel,EACH,PUMPING UNIT,58638.13
366,SAIL,Steel,S225-7207,TAPER ROLLEER BRG 6206 ZZ,EACH,BEARING,1304.61
730,HPCL,Oil & Gas,H74551358,Gasket Spiral Wound Pn16 25Mm,NOS.,GSKT,642.67
358,CPCL,Oil & Gas,MAT9196639,WELDED PIPE 80 MM SCH20 STAINLESS STEEL 304,RMT,TUBE,1618.27
832,SAIL,Steel,S794-9638,WELDED PIPE 80MM SCH40 CARBON STEEL,METER,PIPING,1651.2
1097,CIL,Mining,CIL617275,SMLS PIPE 80MM SCH40 CARBON STEEL,METER,TUBE,2400.92
902,GAIL,Oil & Gas,675983-G,CARBON 1HP PUMP STEEL SCREW,EACH,PUMP ASSY,17352.39
1209,ONGC,Oil & Gas,ON6023361,Cl300 100Mm Ptfe Gkt,Each,SEAL,1133.87
638,GAIL,Oil & Gas,356140-G,CBL 3.5C X 50 SQMM AL PVC UNARMOURED 11KV,MTR,POWER CABLE,719.27
585,ONGC,Oil & Gas,ON8285605,Roller Brg 22210 2Rs Make Audco,EACH,BEARING,1288.76
923,SAIL,Steel,S698-3443,welded pipe 15mm sch80 s.s. 316,Mtr,PIPES,1247.01
533,NTPC,Power,NT93306745,SCREW PUMP 25HP CAST IRON,EACH,PUMPING UNIT,24907.4
1091,ONGC,Oil & Gas,ON9759974,ERW PIPE C.STEEL SCH80 MAKE L&T,MTR,PIPES,654.24
166,GAIL,Oil & Gas,204618-G,CBL 4CX50 CU PVC UNARM 3.3KV,METER,CABLE,760.07
575,NTPC,Power,NT99144920,IS 1239 STAINLESS FLANGED CL300 80MM STL VALVE BALL,EACH,INDUSTRIAL VALVE,11442.49
396,IOCL,Oil & Gas,449134213,Cbl 4Cx16 Sq Mm Alu Pvc Unarmd 3.3Kv,MTS,CABLES,249.03
209,ONGC,Oil & Gas,ON2806346,WELLDED PIPE 150MM SCH40 CS,METER,PIPES,2136.84
782,IOCL,Oil & Gas,956321740,MAKE AUDCO SMLS PIPE 100MM SCH40 S.S. 316,METER,PIPE,1182.66
1028,SAIL,Steel,S262-4736,SEAMLESS PIPE 80MM SCH160 STAINLESS STEEL 316,Mtr,PIPES,1355.55
31,HPCL,Oil & Gas,H18702621,taper roller bearing 6305 2rs,No,ANTI FRICTION BEARING,463.32
214,BHEL,Heavy Engineering,7722/0054,WELDED PIPE 25MM SCH20 CARBON STEEL,MTR,PIPES,422.98
1078,CIL,Mining,CIL500788,BER BALL 51110 ZZ,Each,BEARINGS,1133.18
718,BPCL,Oil & Gas,B-926087,MAKE L&T SCREWED 80mm C.STEEL BALL PN16 VLV,PCS,ISOLATION VALVE,5018.67
584,SAIL,Steel,S021-7982,ROLLER BRG 22210 2RS,EA,BEARING,1596.07
118,BHEL,Heavy Engineering,9986/1622,50MM GSKT CL150 PTFE,EACH,GASKET,71.92
916,CPCL,Oil & Gas,MAT7629226,hex bolt m16x20mm s.s. 316 plain,EACH,FASTENERS,20.63
505,ONGC,Oil & Gas,ON3166007,tapeer brg 22210,NO,BEARINGS,191.58
32,BHEL,Heavy Engineering,9134/3161,TAPER ROLLER BER 6305 2RS,EACH,BEARING,463.68
20,HPCL,Oil & Gas,H77694531,CBL 1C X 25 SQmm COPPER X LPE UNARMD 1.1KV,METER,WIRE,1061.44
1229,BPCL,Oil & Gas,B-854133,xlpe 11kv 3cx6 mm cu cbl unarmoured,METER,CABLE,503.32
410,IOCL,Oil & Gas,057563983,SUBMERSIBLE PUMP 25HP CS,Each,PUMPS,96565.45
417,ONGC,Oil & Gas,ON4595764,ALLEN BOLT M24*40MM GRADE 8.8 PLAIN,EACH,FASTENERS,37.34
285,BHEL,Heavy Engineering,2473/9500,roller brng 30210,No,BEARING,1934.43
195,SAIL,Steel,S332-9456,ASTM A106 CBL 3.5CX1.5 SQMM COPPER XLPE UNARMD 11KV,METER,ELECT CABLE,98.53
1233,BPCL,Oil & Gas,B-939876,make audco iron gate cast flanged cl150 valve,Each,VALVES,1948.11
819,BPCL,Oil & Gas,B-660235,STUD BOLT M24X40MM S.S. 304 BLACK,NOS.,FASTENERS,12.65
242,ONGC,Oil & Gas,ON3631230,CBL 3.5C*50 SQMM CU *LPE ARMOURED 11KV,MTRS,WIRE,618.24
525,BHEL,Heavy Engineering,7242/6423,AS PER IS2062 HEx NUT M20 S.S. 316 BLACK,NO,BOLT & NUT,13.76
353,CIL,Mining,CIL396096,Centrifugal Pmp 5Hp Stainless Steel,Each,PUMP ASSY,5546.57
567,CIL,Mining,CIL540263,GLOBE VLV 150mm PN16 CI WAFER,EACH,INDUSTRIAL VALVE,6675.7
1248,IOCL,Oil & Gas,104866718,CU XLPE CBL MM SQ. 3.3KV ARMOURED 3.5CX10,METER,POWER CABLE,1307.48
833,CIL,Mining,CIL786457,weldde 80mm sch40 cs,M,TUBE,1669.28
569,SAIL,Steel,S119-7871,GLOBE CI WAFER VLV 150MM,PCS,VALVE,7613.98
1120,HPCL,Oil & Gas,H71206317,SPHERICAL ROLLER BRG 22210 2RS,NOS.,BEARINGS,155.59
768,SAIL,Steel,S698-0142,6204 2rs ball ber,EA,BEARINGS,1986.5
11,NTPC,Power,NT54145868,CBL 1CX2.5 SQMM COPPER PVC ARMD 3.3KV,MTR,ELECT CABLE,1225.95
834,CPCL,Oil & Gas,MAT4051665,MAKE POLYCAB PIPE CARBON WELDED 80MM STEEL SCH40,METER,PIPES,1926.63
243,CIL,Mining,CIL165162,cbl 3.5c*50 sq.mm cu *lpe armd 11kv astm a106,METER,POWER CABLE,630.78
292,GAIL,Oil & Gas,164334-G,MAKE POLYCAB GLOBE VLV 150MM PN25 CARBON STEEL FLG,EACH,VALVES,7379.41
756,IOCL,Oil & Gas,037161608,PTFE 150MM CL300,EA,GSKT,1540.91
284,HPCL,Oil & Gas,H73033793,ROLLER BRNG 30210,UNIT,BEARING,2562.53
1096,ONGC,Oil & Gas,ON1921474,PIPE SMLS SCH40 CARBON STEEL 80MM,METER,MS/CS PIPE,2665.78
1075,CPCL,Oil & Gas,MAT8439763,RING JOINT GKT 80MM PN16,EACH,GASKET,1085.56
1268,CIL,Mining,CIL672641,CABLE 2C x 10 SQMM COPPER PVC UNARMOURED 3.3KV,Metre,ELECT CABLE,309.12
514,IOCL,Oil & Gas,145768321,welded pipe 40mm sch40 g.i.,RMT,PIPE,213.82
962,ONGC,Oil & Gas,ON9897747,CABLE 3CX35 SQ.MM AL XLPE UNARM 3.3KV,M,WIRE,734.93
845,GAIL,Oil & Gas,035067-G,BEARING BALL 30205 MAKE POLYCAB,EACH,ANTI FRICTION BEARING,673.47
857,BPCL,Oil & Gas,B-800187,STUD 4.6 X BOLT GR. M12 80MM,NOS,BOLT & NUT,52.61
853,CPCL,Oil & Gas,MAT2234998,SUBMERSIBLE IRON CAST 2HP PMP,EACH,PUMPS,89999.26
313,NTPC,Power,NT72927742,SPHERICAL 6003 BER ROLLER IS 1239,EACH,BRG,2525.24
22,GAIL,Oil & Gas,352408-G,SUBMERSIBLE PMP 5HP,NO,PUMPING UNIT,64258.84
444,IOCL,Oil & Gas,021557325,BALL BRNG 51110 2RS,EACH,BRG,831.71
415,IOCL,Oil & Gas,365435884,ALLEN GR. BOLT PLAIN 8.8 M24x40mm,Each,FIXING,33.45
349,CIL,Mining,CIL550272,Spiral Wound Gskt 50Mm Cl300,EACH,GASKETS,1459.79
485,BPCL,Oil & Gas,B-151229,cbl 4cx25 sqmm cu pvc unarm 11kv,RMT,POWER CABLE,1147.16
611,IOCL,Oil & Gas,507138067,SMLS 15MM SCH20 CARBON STEEL,MTR,PIPE,2826.33
1110,BHEL,Heavy Engineering,6511/9214,PVC COPPER CABLE 3CX16 SQMM UNARMD 11KV,METER,CABLE,336.02
357,HPCL,Oil & Gas,H76863423,MAKE KIRLOSKAR WELDED PIPE SCH20 STAINLESS STL 304,Mtr,PIPING,1834.38
201,NTPC,Power,NT94905807,PN25 CHECK VLV 40MM STEEL SCREWED,NO,ISOLATION VALVE,1840.3
565,IOCL,Oil & Gas,608070633,G.I. SEAMLESS SCH40 150MM PIPE,M,MS/CS PIPE,1595.24
764,GAIL,Oil & Gas,713538-G,he x bolt m12 x grade 4.6 black,Each,FASTENERS,17.04
827,SAIL,Steel,S027-4067,MAKE KIRLOSKAR HE X NUT M24 GRADE 4.6 ZINC PLATED,EACH,BOLT & NUT,14.61
945,NTPC,Power,NT03729545,6206 brng zz spherical roller,EACH,BALL/ROLLER BRG,511.51
176,BHEL,Heavy Engineering,2517/9086,RING JOINT GSKT 80 MM CL300,NOS.,GASKETS,758.83
995,CIL,Mining,CIL185595,PLAIN WASHER M6 STAINLESS STL 316 PLAIN,EACH,BOLT & NUT,32.63
1046,SAIL,Steel,S179-0447,CABLE 1CX50 SQ MM CU XLPE UNARMOURED 3.3KV,RMT,POWER CABLE,768.57
610,SAIL,Steel,S554-6234,HEX BLACK NUT GRADE M16 8.8,NO,FIXING,44.96
425,SAIL,Steel,S944-9883,HEX BOLT M6X100MM SS 304 BLCK MAKE KIRLOSKAR,Each,FASTENERS,31.5
305,CPCL,Oil & Gas,MAT9524364,WELDED PIPE 304 SCH80 STEEL 25MM,METER,PIPE,2240.44
682,NTPC,Power,NT31916543,CENT PMP 10HP C.STEEL,PCS,PUMPING UNIT,44706.54
302,BHEL,Heavy Engineering,6149/8282,GEAR PMP 1HP CI,UNIT,PUMP ASSY,72492.32
711,CIL,Mining,CIL302750,PLAIN WASHER M16 GRADE 4.6 ZINC PLATED,NO,HARDWARE,21.07
200,ONGC,Oil & Gas,ON2690973,CHECK SCREWED 40mm CARBON PN25 STEEL VALVE,UNIT,VALVES,1671.3
898,GAIL,Oil & Gas,833367-G,8.8 PLAIN M8 X 25MM HE X GRADE BOLT MAKE SKF,NOS.,BOLT & NUT,55.93
692,CIL,Mining,CIL675076,Make Skf Copper Armd Pvc Sqmm 1.1Kv Cable 3Cx1.5,MTS,CABLE,1076.9
865,ONGC,Oil & Gas,ON3543468,SPRING WASHER M24 GRADE 8.8 ZINC PLATED ASTM A106,PCS,FIXING,32.32
30,NTPC,Power,NT33963605,TAPER ROLLER BEARING 6305 2RS,Each,BRG,407.6
532,SAIL,Steel,S430-1204,AS PER IS2062 CL300 SCREWED CS BUTTERFLY VALVE,EA,ISOLATION VALVE,11501.37
513,SAIL,Steel,S122-2990,Welded Ppie 40Mm Sch40 Gi Ref Dwg,RMT,PIPE,251.32
180,BPCL,Oil & Gas,B-046084,HEX NUT M20 GRADE 8.8 ZINC PLATED,EACH,BOLT & NUT,45.93
35,ONGC,Oil & Gas,ON0952145,ALLEN BOLT M6x100MM STAINLESS STEEL 304 PLAIN,EACH,HARDWARE,45.77
665,NTPC,Power,NT06362198,SCREW 15HP SS,EACH,PUMP ASSY,22594.53
620,NTPC,Power,NT65179624,BRNG 6003 SPHERICAL ROLLER ZZ,EACH,BRG,1818.82
1031,NTPC,Power,NT09853720,submersible upmp 1hp ss,NOS.,PUMPING UNIT,66607.19
630,CIL,Mining,CIL995704,ROLLER 6305 BEARING,PCS,BEARINGS,2913.81
698,GAIL,Oil & Gas,922941-G,cs pmp cent,EACH,PUMPING UNIT,79485.71
522,BPCL,Oil & Gas,B-711363,pmp 5hp centrif c.steel,EACH,PUMPING UNIT,33749.81
1226,CPCL,Oil & Gas,MAT9132935,11KV XLPE CBL 3CX6 CU UNARMD SQ MM MAKE POLYCAB,METER,WIRE,533.21
211,HPCL,Oil & Gas,H03202041,make fag welded pipe 150mm sch40 carbon steel,METER,MS/CS PIPE,2272.0
459,SAIL,Steel,S741-8972,WAFER MM BALL CL150 40 CS VLV,EACH,VALVES,16342.42
270,SAIL,Steel,S215-4544,CBL 1CX4 SQMM COPPER XLPE UNARMD 1.1KV,Mtr,WIRE,901.74
822,ONGC,Oil & Gas,ON0237718,STUD 304 STEEL M24X40MM BLACK BOLT,NOS,HARDWARE,12.33
174,CIL,Mining,CIL504888,ERW PIPE 150MM SCH80 STAINLESS STEEL 316,M,PIPES,1777.67
667,CPCL,Oil & Gas,MAT9196234,PTFE GGASKET 80MM CL300,UNIT,GSKT,145.29
938,CIL,Mining,CIL874022,ROLLER BEARING 30205 2RS,UNIT,BALL/ROLLER BRG,1713.1
1202,SAIL,Steel,S811-8229,SPRING WASHER M24 GR. 8.8 PLAIN,EACH,HARDWARE,18.54
307,CIL,Mining,CIL138069,MAKE SKF WELDED PIPE SCH80 STAINLESS STL 304,METER,PIPE,2188.27
427,NTPC,Power,NT58678055,REF DWG HE X BOLT M6 X 100MM STAINLESS STEEL 304 BLACK,EACH,FIXING,28.15
863,BPCL,Oil & Gas,B-096641,Caf Gasket 80Mm Cl300,EACH,GSKT,1525.54
1197,SAIL,Steel,S504-9108,CABLE x 25 ARM 3.3KV ALU SQMM PVC 3C,Mtr,WIRE,493.45
1082,HPCL,Oil & Gas,H59502635,SEAMLESS PIPE 40MM SCH80 CS,METER,TUBE,962.56
753,NTPC,Power,NT64051102,PUMP SCREW CRBON 5HP STEEL,Each,PUMP ASSY,77424.08
1236,IOCL,Oil & Gas,705070775,GATE 100MM CL150 CI FLGD,EACH,INDUSTRIAL VALVE,2164.28
864,BPCL,Oil & Gas,B-853243,SPRING WASHER M24 GRADE 8.8 ZINC PLATED,EACH,FIXING,33.64
449,BPCL,Oil & Gas,B-633185,MAKE L&T STAINLESS GEAR 10HP PUMP,EACH,PUMPING UNIT,69851.35
908,GAIL,Oil & Gas,579115-G,25MM PN16 GKT PTFE,EACH,GASKET,929.71
596,BHEL,Heavy Engineering,5513/0557,OJINT RING 100MM CL150 GASKET,PCS,GASKET,1275.23
115,CPCL,Oil & Gas,MAT2050614,CBL 3Cx16 SQMM COPPER PVC ARM 11KV,MTS,ELECT CABLE,1281.91
1267,NTPC,Power,NT62176434,10HP C.I. PMP SCREW MAKE L&T,EACH,PUMPING UNIT,68526.12
64,GAIL,Oil & Gas,025787-G,CENT PMP 2HP STAINLESS STEEL,Each,PUMP,42746.56
228,ONGC,Oil & Gas,ON4719597,TAPER ROLLER BRG 6003 2RS,EACH,BEARING,1537.12
1191,CIL,Mining,CIL538151,GLOBE VLV 25mm PN25 STAINESS STEEL FLANGED,EA,INDUSTRIAL VALVE,11553.03
784,CIL,Mining,CIL361094,SCH40 SEAMLESS S.S. 100MM 316 PIPE,MTRS,PIPES,1128.9
1196,GAIL,Oil & Gas,341700-G,Cable Al 3.3Kv Pvc Mm 3Cx25 Arm Sq,M,CABLE,636.64
1103,SAIL,Steel,S320-3668,CABLE SQMM AL PVC ARMOURED 1.1KV REF DWG,Metre,CABLES,1393.52
911,CIL,Mining,CIL086014,make skf ball brng 6003 zz,EACH,BEARINGS,1184.93
826,IOCL,Oil & Gas,066470703,Hex Nut M24 Grade 4.6 Zinc Plated,EACH,FIXING,12.97
74,CIL,Mining,CIL868633,Ball Bearing 30205 2Rs,NOS,ANTI FRICTION BEARING,605.33
140,HPCL,Oil & Gas,H58328182,CENT PMP 10HP S.S.,EACH,PUMP,82950.12
41,BHEL,Heavy Engineering,6615/6545,GEAAR PUMP 10HP C.STEEL,PCS,PUMP ASSY,36463.18
745,BHEL,Heavy Engineering,7940/2620,hex nut m10 stainless steel 304 galv,EA,FIXING,34.48
480,BHEL,Heavy Engineering,2642/5064,HEX BOLT GALV 8.8 M8X20 GR. MM,No,BOLT & NUT,25.79
687,BHEL,Heavy Engineering,6557/9220,GATE VLV CL150 SS SCREWED,EACH,INDUSTRIAL VALVE,2569.2
632,BPCL,Oil & Gas,B-274897,seamless pipe 100mm sch160 stainless steel 316,MTR,PIPES,2434.14
0,CIL,Mining,CIL615594,Make Audco Centrif Pmp 1Hp Carbon Steel,EACH,PUMP,28246.17
232,HPCL,Oil & Gas,H01249552,ROLLER BRNG 2RS,PCS,BRG,952.04
274,BHEL,Heavy Engineering,9937/8861,AS PER IS2062 CL300 25mm GKT PTFE,NO,GASKETS,1236.36
1032,BPCL,Oil & Gas,B-199255,GLOBE VLV 50MM PN16 CS FLGD,EACH,VALVE,6678.52
509,GAIL,Oil & Gas,438130-G,SQ.MM 6 1.1KV CBL 3.5C COPPER PVC X UNARMOURED,METER,ELECT CABLE,749.05
87,BPCL,Oil & Gas,B-868058,HE X BOLT M12 X 40mm STAINLESS STEEL 316 BLACK AS PER IS2062,UNIT,FIXING,59.07
595,SAIL,Steel,S594-2824,RING JOINT GKT 100 MM CL150,EACH,SEAL,1412.24
399,CIL,Mining,CIL347769,CBL 4CX16 SQMM AL PVC UNARMMOURED 3.3KV,RMT,POWER CABLE,291.61
198,BHEL,Heavy Engineering,5190/9862,IS 1239 CHECK VALVE 40MM PN25 CARBON STEEL SCREWED,EACH,VLV,1972.64
368,CIL,Mining,CIL026325,IS 1239 TAPER ROLLER BEARING 6206 ZZ,UNIT,BALL/ROLLER BRG,1277.31
629,GAIL,Oil & Gas,746259-G,AS PER IS2062 SPRING WASHER M16 GR. 4.6 ZNIC PLATED,EACH,HARDWARE,58.59
679,BHEL,Heavy Engineering,3626/0846,BALL VLV 80 MM CL150 CAST IRON FLGD,NOS,VALVE,4470.19
19,GAIL,Oil & Gas,149190-G,CABLE 1CX25 SQ.MM COPPER XLPE UNARMOURED 1.1KV,Mtr,CABLES,1218.29
300,IOCL,Oil & Gas,864035533,GGEAR PUMP C.I.,NOS.,PUMP,80807.63
1235,ONGC,Oil & Gas,ON3278680,Gate Vlv 100Mm Cl150 Ci Flanged Make Fag,EACH,VLV,2357.05
605,HPCL,Oil & Gas,H12602213,check valve 80mm cl300 staniless steel flg,EACH,ISOLATION VALVE,4037.32
172,CPCL,Oil & Gas,MAT5761228,SS ERW SCH80 PIPE 316,METER,MS/CS PIPE,1668.76
661,CIL,Mining,CIL822720,SCREW STEEL 15HP PUMP STAINLESS,NOS.,PUMP,22327.41
1246,GAIL,Oil & Gas,702071-G,cbl 3.5cx10 sqmm copper xlpe armd 3.3kv,Mtr,ELECT CABLE,1089.4
1104,CPCL,Oil & Gas,MAT0628334,2CX25 ARMD 1.1KV CABLE PVC MM ALU SQ MAKE POLYCAB,Metre,CABLE,1197.74
775,CIL,Mining,CIL237631,CAF GSKT 100 CL150,EACH,GASKET,1116.92
1182,CPCL,Oil & Gas,MAT1592094,Welded Pipe 25Mm Sch40 C.Steel,METER,TUBE,922.91
1043,ONGC,Oil & Gas,ON8444202,UNARMOURED 1C MM CBL 50 3.3KV COPPER SQ LPE X X,MTS,POWER CABLE,812.23
337,GAIL,Oil & Gas,236687-G,GEAR 2HP PMP S.S.,EACH,PUMPING UNIT,96920.05
668,NTPC,Power,NT25058333,PTFE GASKET 80MM CL300,EACH,JOINTING,117.78
1105,BPCL,Oil & Gas,B-424025,gear pmup 7.5hp cast iron,UNIT,PUMP,40941.67
1150,CIL,Mining,CIL365055,CABLE 2CX35 SQMM AL XLPE UNARMD 3.3KV,METER,CABLE,88.71
535,CIL,Mining,CIL529596,Screw Pmp 25Hp C.I.,PCS,PUMPS,22978.68
1090,BPCL,Oil & Gas,B-511090,Erw Pipe 50 Mm Sch80 Carbon Steel,METER,PIPE,548.28
1189,GAIL,Oil & Gas,309235-G,50MM PIPE SCH160 ERW CS MAKE SKF,Mtr,PIPES,1568.37
776,BPCL,Oil & Gas,B-209617,ERW SCH80 STEEL 316 PIPE STAINLESS,MTS,PIPE,564.13
830,NTPC,Power,NT98474225,80MM PIPE SCH40 CARBON STEEL WELDED,METER,PIPES,1559.42
430,ONGC,Oil & Gas,ON6966630,MAKE KIRLOSKAR STUD BOLT M24X50MM GR 8.8 BLACK,EACH,FASTENER,64.1
199,GAIL,Oil & Gas,865624-G,CHECK VLV SCREWED 40MM PN25 CARBON STEEL,EA,VALVES,1722.19
896,GAIL,Oil & Gas,442129-G,RING JOINT GASKET 100MM PN16 MAKE L&T,EACH,GASKETS,121.24
1144,ONGC,Oil & Gas,ON5417609,ERW PIPE 50MM SCH20 STAINLESS STEEL 316,METER,MS/CS PIPE,2723.6
245,BHEL,Heavy Engineering,4864/5183,REF DWG CBL 3.5CX50 SQMM CU XLPE ARM 11KV,METER,CABLES,574.19
1131,HPCL,Oil & Gas,H82267990,MAKE FAG CHECK VALVE 200 MM CL300 STAINLESS STEEL SCREWED,EACH,VALVE,14308.29
253,IOCL,Oil & Gas,659152017,100MM G.I. SCH160 PIPE ERW ASTM A106,RMT,PIPE,1917.27
65,SAIL,Steel,S974-9930,CNT PMP 2HP STAINLESS STL,EACH,PUMP,45876.93
265,NTPC,Power,NT32666785,CBL 1CX4 MM2 CU XLPE UNARMOURED 1.1KV,Metre,ELECT CABLE,1047.73
101,CIL,Mining,CIL027588,25MM CAST WAFER IRON CL150 BALL VALVE,EACH,VALVES,13154.6
249,CPCL,Oil & Gas,MAT6262044,10Hp Gear Pump C.I.,NOS.,PUMPS,39607.1
751,ONGC,Oil & Gas,ON8974223,SCREW PMP 5HP CARBON STEEL,NO,PUMPING UNIT,84126.14
1008,CPCL,Oil & Gas,MAT8418767,40MM G.I. PIPE SCH80 ERW,MTRS,PIPING,1749.46
907,SAIL,Steel,S522-4265,PTFE GASKET 25MM PN16,NOS.,GSKT,804.0
523,ONGC,Oil & Gas,ON5507896,BUTTERFLY VLV 100MM PN25 C.I. FLGD,EACH,ISOLATION VALVE,5036.61
269,BHEL,Heavy Engineering,9767/7622,SQ CU CABLE xLPE 1.1KV MM 1Cx4 UNAMRD,Metre,POWER CABLE,934.84
1207,BHEL,Heavy Engineering,7496/5990,ptfe gskt 100mm cl300,NO,SEAL,1173.08
453,BHEL,Heavy Engineering,3116/4913,GEAR PUMP 10HP STL ASTM A106,PCS,PUMPS,64916.22
737,CPCL,Oil & Gas,MAT3602344,he* nut m12 s.s. 304 zinc plated,EACH,BOLT & NUT,6.77
1074,HPCL,Oil & Gas,H27156033,JOINT 80MM GASKET PN16 RING,EACH,GSKT,1115.73
105,IOCL,Oil & Gas,826199062,SPIRAL WOUND 100mm CL150,EACH,GASKET,1235.27
1117,ONGC,Oil & Gas,ON3234306,2rs roller brng spherical,EACH,BEARINGS,182.42
615,GAIL,Oil & Gas,669841-G,SMLS PIPE 15MM SCH20 CS,Mtr,PIPE,2473.95
1070,NTPC,Power,NT95011152,HEX BOLT M8X80mm STAINLESS STEEL 316 ZINC PLATED,No,FASTENERS,2.4
203,CPCL,Oil & Gas,MAT6372395,taper roller bearing 6305 zz,EA,ANTI FRICTION BEARING,1855.4
701,CIL,Mining,CIL646419,CENT PUMP 2HP,EACH,PUMP ASSY,54380.23
236,IOCL,Oil & Gas,269524991,AS PER IS2062 WELDED PIPE 15MM SCH40 STEEL 316,METER,PIPE,3187.42
861,ONGC,Oil & Gas,ON2394564,AS PER IS2062 15HP GEAR CI,EACH,PUMPS,58298.69
851,BPCL,Oil & Gas,B-221816,CENTRIFUGAL PMP 5HP CAST IRON,UNIT,PUMP,53403.02
1269,BPCL,Oil & Gas,B-187569,astm a106 cbl 3.5c x 6 sqmm al pvc armoured 3.3kv,METER,POWER CABLE,575.16
704,IOCL,Oil & Gas,276332838,PTFE GSKT 150mm PN16,Each,JOINTING,987.92
129,HPCL,Oil & Gas,H72181143,Cable 4Cx4 Mm2 Aluminium Xlpe Armoured 3.3Kv,MTR,WIRE,195.8
828,SAIL,Steel,S149-7459,ERW PIPE 50 MM SCH40 STAINLESS STEEL 316,METER,PIPING,1750.24
671,GAIL,Oil & Gas,326145-G,AS PER IS2062 GEAR PUMP C.STEEL,NOS.,PUMPS,37119.39
469,CIL,Mining,CIL214526,CBL 4CX10 MM2 COPPEER PVC ARMOURED 1.1KV,METER,POWER CABLE,129.02
917,GAIL,Oil & Gas,764083-G,304 PIPE SCH20 ERW STEEL STAINLESS 50MM,MTS,MS/CS PIPE,1427.97
966,BPCL,Oil & Gas,B-776186,HE* NUT M16 GRADE 10.9 BLACK,NO,BOLT & NUT,25.59
443,BPCL,Oil & Gas,B-349960,cable 3c*35 sq mm copper pvc unarm 11kv,METER,ELECT CABLE,416.56
1250,ONGC,Oil & Gas,ON1779989,CABLE 3.5C x 10 SQMM COPPER x LPE ARMD 3.3KV,Metre,WIRE,1333.12
573,NTPC,Power,NT12600308,ARMD CU MM 1CX6 SQ CBL 3.3KV XLPE,METER,CABLE,307.84
626,ONGC,Oil & Gas,ON3621894,SPRIING M16 GR. 4.6 ZINC PLATED REF DWG,EACH,BOLT & NUT,54.27
953,IOCL,Oil & Gas,628346334,SPRING WASHER M10 SS 316 PLAIN,EA,HARDWARE,8.53
390,HPCL,Oil & Gas,H64205955,MAKE FAG ERW PIPE SCH160 C.STEEL,Metre,PIPE,1667.24
1038,ONGC,Oil & Gas,ON6456059,TAPER ROLLER BEARING 30205 ZZ,UNIT,BEARING,1932.4
148,GAIL,Oil & Gas,314530-G,CHECK VALVE MM CL150 CI SCREWED,No,VLV,7223.71
177,CPCL,Oil & Gas,MAT6655355,80MM GKT RING JOINT,EACH,GASKET,711.36
1062,SAIL,Steel,S519-2474,SMLS PIPE 50MM SCH40 C.STEEL,MTS,TUBE,1566.41
736,CIL,Mining,CIL167221,MAKE FAG PLATED 304 M12 ZINC NUT HEX S.S.,NOS,HARDWARE,7.41
355,SAIL,Steel,S091-1791,CENT PMP STAINLESS STEEL,NOS,PUMPS,5611.8
893,CIL,Mining,CIL820114,RING PN16 GASKET JOINT 100mm,EACH,GASKETS,111.9
825,CIL,Mining,CIL310064,ASTM A106 HE x NUT M24 GRDAE 4.6 ZINC PLATED,EACH,FIXING,11.48
45,ONGC,Oil & Gas,ON1596966,BUTTERFLY VALVE 25MM PN16 FLG MAKE POLYCAB,NOS,VLV,7263.52
1168,NTPC,Power,NT18881786,STUD BOLT M24X25MM SS 304 ZINC PLATED,EACH,HARDWARE,60.59
21,NTPC,Power,NT77701436,1Cx25 Cable Xlpe 1.1Kv Unarmd Cu,MTS,CABLES,1142.93
75,CPCL,Oil & Gas,MAT0284395,Erw 25Mm Sch80 Stainless Steel 304,MTS,PIPES,2788.12
467,GAIL,Oil & Gas,514940-G,4cx10 sqmm cable 1.1kv arm copper pvc astm a106,Metre,CABLE,156.01
82,IOCL,Oil & Gas,039261429,7.5HP CSREW PMP C.I.,NOS,PUMPING UNIT,28766.59
196,BHEL,Heavy Engineering,8148/7696,CABLE 3.5CX1.5 SQMM COPPER XLPE UNARMD 11KV,RMT,POWER CABLE,99.42
899,BHEL,Heavy Engineering,5001/1546,MAKE L&T STEEL SCREW PMP CARBON 1HP,EACH,PUMPS,17228.2
507,CIL,Mining,CIL205829,CABLE SQMM 3.5Cx6 1.1KV PVC CU UNARMOURED MAKE KIRLOSKAR,MTS,WIRE,786.53
1147,GAIL,Oil & Gas,694660-G,unarmd al xlpe mm sq cbl 3.3kv 2cx35,MTR,POWER CABLE,73.84
948,IOCL,Oil & Gas,408992177,CBL 3C x 16 SQMM AL x LPE ARMOURED 11KV,METER,CABLES,1037.95
1050,GAIL,Oil & Gas,933078-G,GLOBE VLV 80MM CL300 CS FLGD,UNIT,INDUSTRIAL VALVE,14382.93
298,IOCL,Oil & Gas,650637314,zz bearing ball,No,BEARING,1728.11
38,BPCL,Oil & Gas,B-377351,ALLEN BOLT M6 X 100MM STAINLESS STL 304 PLAIN,EACH,BOLT & NUT,45.31
135,CPCL,Oil & Gas,MAT7982708,ptfe gkt 100mm cl150,NO,JOINTING,163.0
695,BHEL,Heavy Engineering,6901/7074,steel m12x100mm stainless 304 plain hex bolt astm a106,EACH,FIXING,55.09
894,IOCL,Oil & Gas,553375656,RING JOINT GASKET 100mm PN16,EA,SEAL,117.54
803,IOCL,Oil & Gas,931539839,make audco check valve 50mm cl300 c.steel wafer,EA,INDUSTRIAL VALVE,1385.47
837,ONGC,Oil & Gas,ON4809573,SUD BOLT M6x25mm GRADE 8.8 PLAIN,EACH,HARDWARE,66.53
6,NTPC,Power,NT26247317,CBL 2CX50 MM2 COPPER XLPE UNARMOURED 3.3KV MAKE AUDCO,MTRS,ELECT CABLE,336.98
597,CPCL,Oil & Gas,MAT6774620,RING JOINT GSKKT 100MM CL150,EACH,GASKETS,1281.32
829,BHEL,Heavy Engineering,4612/1289,WELDED PIPE 80MM C.STEEL MAKE AUDCO,MTRS,MS/CS PIPE,1890.73
1030,SAIL,Steel,S528-7835,SUBMERSIBLE PUMP 1HP STAINLESS STEEL,EACH,PUMPS,64883.35
1272,GAIL,Oil & Gas,174436-G,Butterfly Valve 150Mm Pn25 C.I. Flanged Make Kirloskar,NOS,ISOLATION VALVE,12111.33
880,ONGC,Oil & Gas,ON4478674,2rs roller bearig taper,EACH,BEARING,1082.08
360,BHEL,Heavy Engineering,4260/8805,WAFER STEEL GATE CL150 100MM STAINLESS VLV,EACH,VLV,17849.65
717,GAIL,Oil & Gas,353524-G,VLV PN16 CARBON STEEL 80MM SCREWED BALL,UNIT,VLV,5139.19
999,NTPC,Power,NT26379412,BUTTERFLY VALVE 80mm PN25 CS SCREWED,EA,INDUSTRIAL VALVE,13586.95
103,SAIL,Steel,S951-8023,BALL VLV 25MM CL150 CI WAFER,EACH,VALVE,13895.57
502,BPCL,Oil & Gas,B-321061,CBL 3.5Cx1.5 SMQM ALUMINIUM xLPE UNARMOURED 11KV,METER,ELECT CABLE,1254.64
557,IOCL,Oil & Gas,040961497,make polycab smls pipe 15mm sch40 iron,METER,PIPE,1197.21
463,CPCL,Oil & Gas,MAT8565271,ERW PIPE 15MM SCH160 GALVANIZED IRON,METER,MS/CS PIPE,1731.57
121,GAIL,Oil & Gas,972798-G,CBL 3.5CX1.5 mm2 ALUMINIUM PVC ARM 1.1KV,METER,ELECT CABLE,907.37
372,SAIL,Steel,S875-8575,ZINC NUT 10.9 PLATED HEX GR.,EACH,FASTENERS,56.87
27,HPCL,Oil & Gas,H56746807,SUBMERSIBLE PUMP 5HP CARBON STEEL,No,PUMPS,61195.3
477,CPCL,Oil & Gas,MAT3280771,MAKE FAG SMLS PIPE MM STAINLESS 316 SCH40 80 STEEL,MTR,PIPING,3107.32
549,GAIL,Oil & Gas,304488-G,SPHERICAL ROLLER BEARING 6307 ZZ MAKE KIRLOSKAR,PCS,BEARING,1418.5
550,ONGC,Oil & Gas,ON4021190,spherical roller bearing 6307 zz make audco,EACH,BRG,1345.71
874,CPCL,Oil & Gas,MAT5525274,PN16 GSKT PPTFE 50 REF DWG,NO,SEAL,140.38
72,ONGC,Oil & Gas,ON6790874,BALL BEARING 30205 2RS,NOS,BALL/ROLLER BRG,515.91
1221,GAIL,Oil & Gas,126719-G,smls pipe sch160 stainless stl 316,M,MS/CS PIPE,2345.11
68,GAIL,Oil & Gas,454019-G,SQ. 4 x ARMOURED 1.1KV LPE CAABLE x MM ALUMINIUM 3.5C,METER,CABLES,760.74
5,IOCL,Oil & Gas,473829973,MAKE SKF COPPER 3.3KV SQ.MM 2CX50 UNARMOURED XLPE CABLE,METER,CABLES,322.44
231,IOCL,Oil & Gas,611076031,bearing 30210 2rs roller,EA,BEARING,960.69
1095,ONGC,Oil & Gas,ON9321359,SCRREW 15HP CARBON STEEL,EACH,PUMPING UNIT,72982.47
1255,NTPC,Power,NT35442524,pfte gskt 80mm cl150,NO,JOINTING,1624.32
238,BPCL,Oil & Gas,B-806479,15MM PIPE WELDED SS SCH40 316,MTS,PIPES,3253.91
385,NTPC,Power,NT81056974,Smls Pipe 50Mm Sch160 Stainless Stl 304,METER,MS/CS PIPE,1373.45
59,HPCL,Oil & Gas,H17785289,TAPER ROLLER BRRNG 6305,EACH,BRG,1072.6
556,BPCL,Oil & Gas,B-350557,SMLS PIPE 15MM SCH40 GALV IRON,MTS,PIPES,1305.78
881,BHEL,Heavy Engineering,9905/5855,SUBMERSIBLE PUMP 10HP,EACH,PUMP ASSY,22832.8
155,IOCL,Oil & Gas,883920530,ARMOURED SQMM CABLE XLPE AL 1CX4 1.1KV,MTRS,WIRE,539.37
648,ONGC,Oil & Gas,ON8131045,SPHERICAL ROLLER BER 6205 ZZ,UNIT,BRG,1990.81
1241,ONGC,Oil & Gas,ON3648510,ring joint gasket 25mm cl300,NO,GASKET,134.26
754,BPCL,Oil & Gas,B-114003,MAKE L&T BEARING 6307 2RS ROLLER,EACH,BEARING,639.94
1132,CPCL,Oil & Gas,MAT0703780,Steel Screwed Check Vave Stainless Cl300 200Mm,EACH,ISOLATION VALVE,13931.05
190,CIL,Mining,CIL966055,cable 1cx50 sqmm cu pvc unarmoured 1.1kv make kirloskar,RMT,CABLES,1273.37
1187,CIL,Mining,CIL317883,ERW PIPE 50MM CARBON STEEL MAKE KIRLOSKAR,Mtr,PIPE,1386.97
752,IOCL,Oil & Gas,920644111,SCREW PUMP 5HP C.STEEL IS 1239,No,PUMPING UNIT,68140.61
261,CPCL,Oil & Gas,MAT3757383,BALL BEARING 6205 ZZ REF DWG,EACH,BRG,1672.76
383,NTPC,Power,NT00389608,IS 1239 ERW PIPE 80MM SCH40 STAINLESS STEEL 316,METER,PIPE,596.89
1193,CPCL,Oil & Gas,MAT8491508,GLOBE VALVE 25MM PN25 STAINLESS STEEL FLG,EACH,ISOLATION VALVE,13547.0
122,ONGC,Oil & Gas,ON6657437,3.5c x sq 1.5 pvc mm 1.1kv cbl armoured al,Metre,POWER CABLE,1133.13
637,ONGC,Oil & Gas,ON3221010,CABLE 3.5CX50 SQMM ALUMINIUM PVC UNARM 11KV,MTR,WIRE,757.02
608,IOCL,Oil & Gas,564230412,ASTM A106 HE x NUT M16 GRADE 8.8 BLACK,No,FIXING,47.69
971,BHEL,Heavy Engineering,7592/3831,CABLE 4CX2.5 SQMM ALUMINIUM XLPE ARMD 11KV,METER,ELECT CABLE,363.65
1118,SAIL,Steel,S585-4551,ROLLER BRNNG SPHERICAL 22210 2RS,EACH,BEARINGS,198.66
743,BHEL,Heavy Engineering,4818/6746,CBL 1C X 1.5 SQMM COPPER X LPE ARM 3.3KV,Mtr,POWER CABLE,196.75
175,BHEL,Heavy Engineering,1940/9610,PIPE STAINLESS STEEL SCH80 ERW 150mm 316,METER,MS/CS PIPE,1372.47
739,BPCL,Oil & Gas,B-160211,HEX NUT M12 SS 304 ZINC PLATED,No,BOLT & NUT,7.06
237,CIL,Mining,CIL616756,WELDED PIPE 15MM SCH40 STAINLESS STEEL 316,METER,PIPE,3237.7
708,BHEL,Heavy Engineering,9125/7349,PTFE GKT PN16,EACH,SEAL,1012.59
746,ONGC,Oil & Gas,ON0041291,He* Nut M10 Stainless Stl 304 Galvanized,EACH,HARDWARE,31.18
781,GAIL,Oil & Gas,420122-G,SMLS PIPE 100MM SCH40 STAINLESS STEEL 316,Mtr,MS/CS PIPE,1037.83
531,BPCL,Oil & Gas,B-768089,BUTTERFLY VLV 50mm CL300 CARBON STEEL SCREWED,EACH,VLV,12109.29
53,IOCL,Oil & Gas,609539621,8.8 m20 gr washer black spring astm a106,PCS,BOLT & NUT,35.33
450,HPCL,Oil & Gas,H67045023,GEAR PMP 10HP STAINLESS STL,EACH,PUMP,60420.29
1058,BPCL,Oil & Gas,B-932528,sch160 304 steeel smls 150mm pipe stainless,MTRS,PIPE,2045.33
767,BPCL,Oil & Gas,B-202227,AS PER IS2062 M12X20MM BOLT GR BLACK 4.6 HEX,EACH,FASTENERS,14.14
811,GAIL,Oil & Gas,880265-G,CENTRIF PMP 10HP CAST IRRON,EACH,PUMP ASSY,56048.05
204,IOCL,Oil & Gas,286047658,Taper Roller Ber 6305 Zz,EACH,BRG,1612.13
750,BPCL,Oil & Gas,B-670866,STAINLESS GALVANIZED HEX NUT 304 STL,UNIT,FASTENERS,34.64
1044,HPCL,Oil & Gas,H91419396,CBL 1CX50 MM2 COPPER XLPE UNARMD 3.3KV,MTRS,ELECT CABLE,809.31
678,BPCL,Oil & Gas,B-350637,IS 1239 BALL VALVE 80MM CL150 CAST IRON FLGD,EACH,INDUSTRIAL VALVE,4121.08
233,CIL,Mining,CIL387592,ROLLER BEARING 30210,NOS,BEARING,1224.08
339,SAIL,Steel,S704-1200,globe valve pn25 ci wafre,NOS.,INDUSTRIAL VALVE,11529.83
393,ONGC,Oil & Gas,ON9376392,erw piipe 15mm sch160 c.steel,MTR,PIPING,1786.83
600,GAIL,Oil & Gas,739920-G,RNIG JOINT GASKET 100MM CL150 ASTM A106,UNIT,GASKETS,1537.33
1163,CPCL,Oil & Gas,MAT6355877,MAKE KIRLOSKAR CABLE 1CX4 SQMM ALUMINIUM PVC ARMOURED 11KV,METER,WIRE,167.49
574,BPCL,Oil & Gas,B-401348,BALL VLV 80 MM CL300 SS,EACH,INDUSTRIAL VALVE,15527.15
1188,BHEL,Heavy Engineering,0889/5930,ERW PIPE 50 MM SCH160 CARBON STEEL,METER,TUBE,1855.91
461,HPCL,Oil & Gas,H91911359,ERW PIPE 15 MM SCH160 G.I.,METER,PIPE,1656.58
816,NTPC,Power,NT16409891,MAKE AUDCO NU309 BRG BALL,NOS,BALL/ROLLER BRG,1468.89
742,IOCL,Oil & Gas,088634673,ss zinc spring m10 316 plated,PCS,FASTENER,27.06
1204,ONGC,Oil & Gas,ON0055126,SPRING WASHER M24 GRADE 8.8 PLAIN,UNIT,FIXING,19.25
773,BHEL,Heavy Engineering,0235/1025,50Mm Cl150 Wound Gasket Spiral,PCS,GASKETS,826.01
1113,ONGC,Oil & Gas,ON9138130,make l&t spring washer m6 stainless steel 316 galvanized,EACH,FASTENERS,60.22
462,IOCL,Oil & Gas,039205146,ERW PIPE 15 MM SCH160 GALVANIZED IRON,METER,PIPING,2027.42
973,CIL,Mining,CIL096598,CBL 4Cx2.5 SQ.MM AL xLPE ARM 11KV MAKE SKF,Mtr,CABLE,281.5
1192,BPCL,Oil & Gas,B-559030,GLOBE PN25 S.S. FLGD VALVE 25MM,EACH,VALVE,13137.81
1179,CIL,Mining,CIL405377,SEAMLESS PIPE 80MM SCH20 G.I. ASTM A106,METER,PIPES,1644.48
769,IOCL,Oil & Gas,500493326,BALL BEARING 6204 2RS,PCS,BEARING,2172.33
1000,IOCL,Oil & Gas,197892594,Butterfly Valve 80Mm Pn25 Carbon Steel Screwed Make Kirloskar,EACH,VALVE,12939.36
23,SAIL,Steel,S671-9022,Submersible 5Hp Cs,UNIT,PUMP,50712.07
1130,IOCL,Oil & Gas,388523774,REF DWG CHECK 200MM CL300 S.S. SCREWED,NOS.,VLV,15762.73
85,GAIL,Oil & Gas,993712-G,CHECK 200mm WAFER SS VALVE,PCS,VLV,6283.12
860,BPCL,Oil & Gas,B-392220,make polycab gar pmp 15hp ci,NOS,PUMPING UNIT,56453.12
645,BPCL,Oil & Gas,B-507105,Spherical Roller Brng 6205 Zz Make Kirloskar,Each,BALL/ROLLER BRG,1897.86
1227,CIL,Mining,CIL546202,UNARMD 11KV 3CX6 XLPE CABLE CU SQMM,MTRS,POWER CABLE,480.89
935,HPCL,Oil & Gas,H83168163,MAKE FAG CABLE 2CX10 SQ.MM AL PVC UNARMOURED 3.3KV,Metre,CABLE,763.13
2,HPCL,Oil & Gas,H10122691,CBL 2C X 50 SQ MM CU X LPE UNARM 3.3KV,METER,ELECT CABLE,330.66
537,BHEL,Heavy Engineering,2775/8446,MAKE POLYCAB BAALL BEARING 6205,EACH,BRG,1017.87
429,SAIL,Steel,S455-1588,STUD BOLT GR 8.8 BLACK,PCS,FIXING,59.38
1076,BHEL,Heavy Engineering,4759/1604,BALL 51110 ZZ,No,BEARINGS,1214.2
111,CIL,Mining,CIL569154,CBL 3C x 16 SQ MM PVC ARM 11KV,METER,CABLE,1399.57
909,SAIL,Steel,S357-1921,BALL BRG 6003 ZZ,No,BALL/ROLLER BRG,1044.14
959,NTPC,Power,NT71402503,SUBMERSIBLE PUMP 2HP STEEL,EACH,PUMPING UNIT,24414.76
543,SAIL,Steel,S852-8306,TAPER ROLLER BEARING 6206 2RS,NO,ANTI FRICTION BEARING,1978.37
603,BPCL,Oil & Gas,B-585238,CHECK VLV 80MM CL300 STAINLESS STL FLANGED,UNIT,VALVES,3839.69
891,CPCL,Oil & Gas,MAT6371142,AS PER IS2062 JOINT RING PN16 100MM,EACH,SEAL,123.65
1186,BPCL,Oil & Gas,B-478483,ERW PIPE 50MM SCH160 CS,MTS,MS/CS PIPE,1634.47
670,SAIL,Steel,S815-2692,AS PER IS2062 GEAR PMP 15HP CARBON STEEL,NOS,PUMPING UNIT,36222.26
77,NTPC,Power,NT73540331,CAST 7.5HP IRON SCRW PUMP,EACH,PUMPS,28858.57
652,CPCL,Oil & Gas,MAT1515325,cable 2cx10 sqmm aluminium xlpe unarm 1.1kv,METER,CABLE,473.66
968,BPCL,Oil & Gas,B-147852,CABLE SQMM ALU xLPE ARMOURED 11KV,METER,WIRE,294.74
436,GAIL,Oil & Gas,276015-G,SPIRAL WOUND GKT 25MM CL150,EACH,JOINTING,1546.69
729,ONGC,Oil & Gas,ON1444718,make l&t spiral wound gasket 25mm pn16,Each,GSKT,495.61
78,HPCL,Oil & Gas,H71753556,SCREW PUMP 7.5HP CAST IRON,NOS.,PUMP ASSY,30649.03
676,CIL,Mining,CIL082697,SUBMERSIBLE 7.5HP CS PMP IS 1239,NOS,PUMP ASSY,79121.0
791,IOCL,Oil & Gas,538590673,centrifugal pmp 1hp c.i.,UNIT,PUMP ASSY,46282.98
15,HPCL,Oil & Gas,H68727743,ALLEN BOLT M24X20MM GR 10.9 PLAIN,EACH,FIXING,51.49
92,NTPC,Power,NT72190340,SUBMERSIBLE PUMP 15HP CI MAKE AUDCO,UNIT,PUMP ASSY,50539.97
187,BHEL,Heavy Engineering,0777/8097,cable 1cx50 sqmm copper pvc unarmoured 1.1kv,MTRS,POWER CABLE,973.88
1059,CPCL,Oil & Gas,MAT2964448,SEAMLESS PIPE 150 MM SCH160 STAINLESS STL 304,METER,TUBE,2139.59
256,BHEL,Heavy Engineering,4224/3864,erw pipe 50mm sch80 gi,MTR,PIPING,446.87
49,NTPC,Power,NT48652816,m12x20mm hex gr. bolt 10.9 zinc plated,Each,FASTENER,50.42
1094,GAIL,Oil & Gas,445099-G,Pmp Carbon 15Hp Screw Steel Is 1239,EACH,PUMP ASSY,68291.28
492,ONGC,Oil & Gas,ON0622923,PMP 7.5HP GEAR STL STAINLESS,EACH,PUMPING UNIT,64451.18
39,IOCL,Oil & Gas,102053950,STTEEL CARBON GEAR 10HP PUMP,EACH,PUMPS,38004.88
619,BHEL,Heavy Engineering,8827/6970,SPHHERICAL ROLLER BEARING 6003,EACH,ANTI FRICTION BEARING,1843.03
81,GAIL,Oil & Gas,933410-G,SCREW 7.5HP C.I.,No,PUMP ASSY,36910.12
80,BPCL,Oil & Gas,B-700886,CI 7.5HP SCREW PMP,EACH,PUMP ASSY,33855.62
1069,HPCL,Oil & Gas,H22805883,MAKE L&T HEX BOLT M8X80MM SS 316 ZINC PLATED,EACH,FASTENERS,2.13
1183,ONGC,Oil & Gas,ON7973833,welded pipe 25mm sch40 carbon steel,Mtr,PIPING,819.8
1033,HPCL,Oil & Gas,H15755716,CHECK VALVE 200MM PN16 CARBON STEEL WAFER,EACH,VLV,1952.15
1,IOCL,Oil & Gas,475255341,CENTRIFUGAL PMP 1HP CARBON STEEL MAKE L&T,EACH,PUMP ASSY,33385.44
413,SAIL,Steel,S197-1112,ALLEN BOLT M24 X 40MM GR. 8.8 PLAIN,NO,FIXING,35.73
789,BHEL,Heavy Engineering,8154/1858,allen bolt m6 x 50mm gr. 10.9 zinc plated,EACH,HARDWARE,72.36
591,CPCL,Oil & Gas,MAT5285725,CHECK VLV 200MM CL300 SS FLG,Each,VALVE,7451.31
323,BHEL,Heavy Engineering,4430/9634,GEAR PMP 2HP CARBON STEEL MAKE L&T,EACH,PUMP ASSY,60844.18
666,ONGC,Oil & Gas,ON1142436,PTFE GSKT 80MM CL300,EA,JOINTING,122.05
562,GAIL,Oil & Gas,157245-G,smls pipe sch40 gi make l&t,MTS,MS/CS PIPE,1243.01
1029,IOCL,Oil & Gas,873554042,SEAMLESS PIPE 80MM SCH160 SS 316,METER,PIPING,1502.42
1154,BPCL,Oil & Gas,B-961968,BUTTERFLY VLV 50mm PN16 C.STEEL SCREWED,EACH,VALVE,2602.04
1064,HPCL,Oil & Gas,H07883127,Smls Pipe 50Mm Carbon Steel,METER,PIPE,1571.79
104,GAIL,Oil & Gas,505064-G,Spiral Wound Gkt 100Mm Cl150 Make Polycab,Each,GSKT,1206.95
650,SAIL,Steel,S107-4091,cable 2cx10 mm2 alu xlpe unarmoured 1.1kv as per is2062,M,POWER CABLE,493.94
1004,CPCL,Oil & Gas,MAT0342519,CABLE X 50 SQ MM ALU X LPE UNARMOURED 1.1KV MAKE KIRLOSKAR,METER,ELECT CABLE,721.78
675,NTPC,Power,NT33222739,SUBMERSIBLE PMP 7.5HP CS,EA,PUMPING UNIT,83369.55
411,BPCL,Oil & Gas,B-409079,submersible puump cs,UNIT,PUMPING UNIT,88972.74
801,BPCL,Oil & Gas,B-594972,CHEK VLV 50MM CL300 CARBON STEEL WAFER,NOS.,VALVES,1668.65
299,NTPC,Power,NT89030914,GEAR PUMP 1HP C.I.,UNIT,PUMPS,82618.36
536,CPCL,Oil & Gas,MAT0326714,BALL BRG 6205 AS PER IS2062,NO,BALL/ROLLER BRG,1391.08
996,IOCL,Oil & Gas,170679490,plain washer m6 tsainless steel 316 plain,NOS,FASTENER,37.42
137,BHEL,Heavy Engineering,0810/6200,CENTRIFUGAL PUMP 10HP STAINLESS STEEL,EACH,PUMP ASSY,82518.71
97,ONGC,Oil & Gas,ON2713611,MSLS PIPE 150MM SCH40 STAINLESS STL 304 MAKE L&T,M,PIPING,2927.95
379,SAIL,Steel,S569-8152,REF DWG ERW PIIPE 80MM SCH40 STAINLESS STL 316,MTR,PIPE,569.72
1124,ONGC,Oil & Gas,ON9570934,CAF GKT 100MM CL300,PCS,GASKET,175.05
497,GAIL,Oil & Gas,615727-G,ptfe gskt 150 mm cl150,EA,GASKET,1194.48
978,CPCL,Oil & Gas,MAT0418985,ALLEN BOLT MM GRDE 10.9 BLACK,No,FIXING,25.62
879,SAIL,Steel,S641-5780,TAPER ROLLER BARING 22210 2RS,EA,BEARING,1134.8
1057,IOCL,Oil & Gas,822063186,smls pipe 150mm sch160 stainless stl 304,MTR,MS/CS PIPE,2039.57
1158,SAIL,Steel,S628-6603,MAKE AUDCO ROLLER BRNG 6305 2RS,EACH,ANTI FRICTION BEARING,1333.25
726,CIL,Mining,CIL693353,MAKE AUDCO SEAMLESS PIPE 40MM SCH80 SS 316,M,MS/CS PIPE,3023.62
587,BHEL,Heavy Engineering,0220/5093,Check Vlv 200Mm Cl300 Stainless Steel Flanged,EACH,ISOLATION VALVE,8477.67
120,CPCL,Oil & Gas,MAT8214862,SQ.MM ARMOURED 1.1KV 3.5CX1.5 CABLE PVC ALU,Mtr,CABLE,1108.71
1052,HPCL,Oil & Gas,H77317394,Globe Valve 80Mm Cl300 Carbon Seel Flgd,NO,ISOLATION VALVE,17589.37
1036,CPCL,Oil & Gas,MAT0727208,TAPER ROLLER BEARING 6206,UNIT,BEARING,594.91
116,IOCL,Oil & Gas,869380686,50mm PTFE GASKET CL150,NO,SEAL,61.84
524,GAIL,Oil & Gas,616453-G,MAKE SKF HEx NUT M20 STAINLESS STL 316 BLACK,UNIT,HARDWARE,13.37
287,HPCL,Oil & Gas,H97317912,ptfe gasket 25mm cl150,NOS.,GSKT,292.2
435,BPCL,Oil & Gas,B-942904,AS PER IS2062 SPIRAL WOUND GKT 25MM CL150,PCS,GASKETS,1168.48
912,IOCL,Oil & Gas,810480283,PLAIN M16X20MM STAINLESS HEX BOLT 316 STEEL MAKE SKF,PCS,HARDWARE,18.33
481,IOCL,Oil & Gas,833339395,HEX BOLT M8X20mm GR 8.8 GALVD,No,FASTENERS,29.86
877,GAIL,Oil & Gas,762381-G,TAPER ROLLER BRNG 22210 2RS MAKE KIRLOSKAR,EA,BEARING,1009.22
1174,BHEL,Heavy Engineering,2339/9076,S.S. SUBMERSIBLE PMP,NOS.,PUMP ASSY,49801.31
117,NTPC,Power,NT21722332,PTFE GASKET 50MM CL150,EACH,GSKT,78.45
1149,CPCL,Oil & Gas,MAT0295738,cbl 2c x 35 sqmm aluminium x lpe unarmoured,M,CABLE,76.65
1099,BHEL,Heavy Engineering,6389/0124,CL150 JOINT RING 25MM GASKET,EACH,SEAL,485.4
1141,SAIL,Steel,S495-9403,STEEL PIPE ERW SCH20 STAINLESS 316 50MM,METER,MS/CS PIPE,2471.29
165,HPCL,Oil & Gas,H97497350,CABLE MM 3.3KV SQ COPPER 4CX50 PVC UNAMRD,M,ELECT CABLE,782.99
925,BPCL,Oil & Gas,B-016258,WELDED PIPE 15MM SCH80 STAINESS STEEL 316,METER,MS/CS PIPE,1122.62
466,BPCL,Oil & Gas,B-218785,AS PER IS2062 CABLE PVC COPPER ARMD 4CX10 1.1KV SQMM,METER,WIRE,160.25
218,CPCL,Oil & Gas,MAT6257016,CABLE 2Cx4 SQ.MM CU PVC ARM,METER,CABLES,1292.79
796,HPCL,Oil & Gas,H92815037,SCREW PMP 25HP CS,Each,PUMPING UNIT,78485.01
847,BHEL,Heavy Engineering,3687/1568,CENT PMP 5HP CAST IRON,EACH,PUMP,69770.46
918,BPCL,Oil & Gas,B-651887,Stainless 50Mm Pipe Steel Erw Sch20 304,Metre,TUBE,1337.5
1106,NTPC,Power,NT46738656,gear pump 7.5hp c.i.,NO,PUMP ASSY,34352.04
465,ONGC,Oil & Gas,ON7768893,Sq Mm Cable Cu 1.1Kv Armd 4Cx10,MTRS,WIRE,168.28
1262,BPCL,Oil & Gas,B-155731,SCREW PMP 10HP CI,No,PUMP ASSY,54842.19
1148,HPCL,Oil & Gas,H96558681,Cbl 2C X 35 Mm2 Aluminium X Lpe Unarmoured 3.3Kv,M,CABLES,69.45
1140,GAIL,Oil & Gas,606734-G,welded pipe 80mm sch160 ss 304,MTS,MS/CS PIPE,2189.5
1128,SAIL,Steel,S552-8337,4.6 plated grade m16x20mm hex bolt zinc,EACH,FASTENERS,28.36
1166,HPCL,Oil & Gas,H30106144,STUD BBOLT M24X25MM SS 304 ZINC,EACH,BOLT & NUT,47.51
125,HPCL,Oil & Gas,H52175250,STAINLESS 5HP STL PMP SCREEW,EACH,PUMPS,101777.66
986,CIL,Mining,CIL242284,allen bolt m20x65mm gr 8.8 zinc lated,EACH,FASTENERS,39.25
9,ONGC,Oil & Gas,ON4005242,CBLE PVC ARMD 3.3KV COPPER 1CX2.5,METER,ELECT CABLE,995.13
455,ONGC,Oil & Gas,ON8415608,BALL VALVE 40MM CL150 CS WAFER,EACH,INDUSTRIAL VALVE,16700.58
1049,CPCL,Oil & Gas,MAT8698948,globe valve cl300 carbon steel flgd,Each,INDUSTRIAL VALVE,15133.11
841,GAIL,Oil & Gas,327237-G,GATE VLV 80MM CL300 CAST IRON WAFER,EACH,VALVES,4595.99
940,BPCL,Oil & Gas,B-688300,ROLER BRG 2RS,UNIT,BEARINGS,2243.86
128,BPCL,Oil & Gas,B-046184,ROLLER BRG 6305 ZZ SPHERICAL,UNIT,BEARINGS,2171.63
1084,NTPC,Power,NT91929692,STUD BOLT M20 x 20MM SS 304 GALV,PCS,FASTENERS,36.42
1167,GAIL,Oil & Gas,729697-G,ZINC M24X25MM 304 PLATED STL STUD BOLT STAINLESS,PCS,FIXING,61.9
315,IOCL,Oil & Gas,475011117,SPHERICAL ROLLER BRG 6003,EACH,ANTI FRICTION BEARING,2536.36
482,HPCL,Oil & Gas,H26862703,HE* BOLT M8*20MM GR. 8.8 GALVANIZED,PCS,FIXING,25.73
926,CPCL,Oil & Gas,MAT3795311,MAKE FAG SCH80 316 STEEL 15MM WELDED STAINLESS PIPE,RMT,PIPES,1419.26
267,BPCL,Oil & Gas,B-085628,CBL 1Cx4 SQMM COPPER xLPE UNARMOURED 1.1KV,METER,CABLE,1087.85
356,BPCL,Oil & Gas,B-990155,CENTTRIF 5HP PMP S.S.,NOS.,PUMPS,5090.48
586,SAIL,Steel,S146-9218,CHECK VLV CL300 S.S. FLG MAKE AUDCO,No,VLV,8470.1
382,CIL,Mining,CIL990516,STAINLESS 316 ERW STL PIPE 80MM SCH40 IS 1239,METER,PIPE,473.07
1172,CPCL,Oil & Gas,MAT4836481,STAINLESS STEEL SUBMERSIBLE PMP 25HP,NO,PUMP,55128.38
1015,BHEL,Heavy Engineering,8753/1198,CBL 2C X 10 SQ MM ALU PVC ARMOURED MAKE AUDCO,Metre,POWER CABLE,1098.84
504,CPCL,Oil & Gas,MAT1053365,CABLE 3.5CX1.5 SQMM ALU XLPE UNARMOURED 11KV,MTS,CABLES,1276.62
1065,IOCL,Oil & Gas,796365129,MAKE KIRLOSKAR SEAMLESS PIPE 50MM SCH40 C.STEEL,METER,PIPES,1208.5
888,HPCL,Oil & Gas,H40799230,WELDED PIPE 25MM CARBON STEEL,M,MS/CS PIPE,1289.98
1107,CIL,Mining,CIL006239,AS PER IS2062 GEAR PMP 7.5HP CAST IRON,UNIT,PUMP ASSY,40885.95
809,HPCL,Oil & Gas,H80558115,centrifugal pump 10hp iron,EACH,PUMPING UNIT,52917.69
878,CIL,Mining,CIL108479,TAPER BRNG 22210 2RS,NOS.,BRG,845.66
1021,BHEL,Heavy Engineering,0925/1920,GSKT WOUND MM SPIRAL 80 CL150 MAKE FAG,EACH,GASKETS,781.69
445,NTPC,Power,NT85096085,2RS BER 51110 BALL,EACH,BEARING,904.72
839,IOCL,Oil & Gas,088295868,8.8 BOLT STUD GR M6*25 PLAIN MM MAKE AUDCO,EACH,FASTENERS,65.93
571,CPCL,Oil & Gas,MAT9365952,CABLE 1CX6 MM2 CU XLPE ARMOURED 3.3KV,METER,CABLE,346.5
623,CPCL,Oil & Gas,MAT6503440,GEAR PMP 25HP CS,NOS.,PUMP,34357.97
731,CIL,Mining,CIL034398,SPIRAL WOUND GASKET 25MM,EACH,SEAL,624.5
521,HPCL,Oil & Gas,H21630900,5HP CARBON CENT PMP,NO,PUMPING UNIT,27090.71
380,IOCL,Oil & Gas,661912841,ERW PIPE SCH40 STAINLESS STEEL 316,MTRS,PIPING,568.31
373,IOCL,Oil & Gas,406260787,Hex Nut M6 Gr. Zinc Plated,EA,FIXING,60.34
306,IOCL,Oil & Gas,230234679,25Mm Welded 304 Ss Pipe Sch80,MTR,PIPES,1968.11
599,ONGC,Oil & Gas,ON8472629,Astm A106 Ring Joit Gasket 100 Mm Cl150,UNIT,SEAL,1364.6
1139,SAIL,Steel,S934-2883,BALL VALVE 50MM PN25 CATS IRON FLG MAKE L&T,Each,INDUSTRIAL VALVE,3623.67
836,NTPC,Power,NT19797972,stud bolt m6x25mm gr. 8.8 plain,NOS,HARDWARE,63.18
102,GAIL,Oil & Gas,419138-G,cl150 iron valve wafer cast 25mm bll,EACH,VALVES,13386.13
1223,NTPC,Power,NT92229317,SEAMLESS PIPE MM SCH160 STAINLESS STL 316,M,PIPES,2107.93
821,NTPC,Power,NT19189866,STUD BOLT M24*40mm SS 304 BLACK IS 1239,NOS,HARDWARE,12.1
107,CPCL,Oil & Gas,MAT7883171,SPIRAL WOUND GASKET 100 MM CL150,EACH,JOINTING,1210.28
759,NTPC,Power,NT08424319,150MM GASKET JOINT CL150 RING,NOS,SEAL,1002.71
426,GAIL,Oil & Gas,406306-G,HE x BOLT M6 x 100MM STAINLESS STEEL 304 BLACK,EACH,BOLT & NUT,31.01
440,CIL,Mining,CIL313348,CBL 3C*35 SQMM CU PVC UNARMOURED 11KV,RMT,CABLES,416.46
780,NTPC,Power,NT72620846,PIPE ERW SCH80 STL 316 40MM STAINLESS,METER,PIPING,577.85
259,GAIL,Oil & Gas,147276-G,50MM G.I. SCH80 PIPE ERW,METER,PIPES,431.83
1003,CPCL,Oil & Gas,MAT6217204,80MM BUTTERFLY SCREWED PN25 VALVE C.STEEL,UNIT,VALVE,12495.17
197,SAIL,Steel,S570-1329,make audco check valve 40 mm pn25 cs screwed,EACH,VLV,1889.56
802,ONGC,Oil & Gas,ON9992998,CHECK VALVE 50MM CL300 CS WAFER ASTM A106,PCS,VLV,1830.83
478,HPCL,Oil & Gas,H42573066,ROLLER BEARING 6003 2RS,NOS,BRG,671.66
942,HPCL,Oil & Gas,H07578984,2rs roller brg,UNIT,ANTI FRICTION BEARING,2096.23
56,IOCL,Oil & Gas,165820297,CBL 3C*2.5 mm2 CU PVC UNARMOURED 1.1KV,METER,CABLE,928.38
840,GAIL,Oil & Gas,748317-G,STUD BOLT M6 x GRADE 8.8 PLAIN,EACH,HARDWARE,54.82
548,HPCL,Oil & Gas,H51744600,SPHERICAL ROLLER BEARING 6307 ZZ,EACH,BALL/ROLLER BRG,1597.76
422,IOCL,Oil & Gas,046419785,roller zz 30210 bearing,EACH,ANTI FRICTION BEARING,1246.89
311,BHEL,Heavy Engineering,6552/8993,cbl 3cx35 sq aluminium pvc unarm 3.3kv,Mtr,ELECT CABLE,454.27
250,SAIL,Steel,S759-9004,GEAR PUMP 10HP C.I.,NOS,PUMPS,31516.55
990,ONGC,Oil & Gas,ON5512944,CI 7.5HP PUMP SUBMERSIBLE REF DWG,EACH,PUMP ASSY,7712.29
1258,ONGC,Oil & Gas,ON7895236,SCREW PUMP 7.5HP SS,NOS.,PUMPS,55997.4
914,HPCL,Oil & Gas,H09673979,MAKE FAG HEX BOLT M16X20MM S.S. 316 PLAIN,PCS,FASTENERS,22.56
1125,CPCL,Oil & Gas,MAT4295449,HEx BOLT M16x20MM GR. 4.6 ZNIC PLATED,EACH,FASTENER,28.83
606,IOCL,Oil & Gas,393049366,CHECK AVLVE 80mm CL300 STAINLESS STL FLANGED AS PER IS2062,EACH,VALVES,4378.73
555,CIL,Mining,CIL020586,SMLS PIPE 15mm SCH40 GI,METER,MS/CS PIPE,1372.47
1101,BHEL,Heavy Engineering,5985/8663,cable 2cx25 sqmm alu pvc arm 1.1kv,MTR,POWER CABLE,1218.92
389,CIL,Mining,CIL795083,Steel Erw 15Mm Carbon Pipe Sch160 Ref Dwg,METER,MS/CS PIPE,1412.93
1037,SAIL,Steel,S549-8367,TAPER ROLLER BRNG 30205 ZZ,No,BRG,1492.34
641,IOCL,Oil & Gas,889178791,CBL 3.5C x 50 SQ MM ALU PVC UNARM 11KV,MTRS,WIRE,717.47
488,GAIL,Oil & Gas,912975-G,GRADE 4.6 PLAIN AWSHER SPRING M12,NOS,BOLT & NUT,57.93
710,ONGC,Oil & Gas,ON2627066,PVC ALU ARMD 4C*4 CBL 11KV SQMM,Metre,CABLE,426.15
437,HPCL,Oil & Gas,H33506158,SPIRAL WOUND 25MM CL150,EACH,GSKT,1535.46
691,HPCL,Oil & Gas,H02289466,cable 3cx1.5 sqmm copper pvc armoured 1.1kv,Metre,POWER CABLE,1201.98
947,BHEL,Heavy Engineering,3601/8639,SPHERICAL ROLLER BER 6206 ZZ,EACH,BEARINGS,475.32
343,CIL,Mining,CIL857254,Bearing 22210 Roller,EACH,BALL/ROLLER BRG,2203.83
334,SAIL,Steel,S851-3279,2HP S.S. PMP GERA,EACH,PUMP,78852.3
542,CPCL,Oil & Gas,MAT1488608,MAKE L&T TAPER ROLLR BER 6206 2RS,Each,BEARING,1486.53
732,CIL,Mining,CIL123190,WOUND GKT CL300 SPIRAL 150MM,EACH,SEAL,412.69
364,BHEL,Heavy Engineering,1307/2407,GATE VLV 50MM CL300 CAST IRON FLGD,NO,VALVE,1839.14
162,IOCL,Oil & Gas,987622023,CABLE UNARMOURED COPPER PVC 3.3KV 4CX50 SQMM,MTS,POWER CABLE,978.47
568,ONGC,Oil & Gas,ON5388824,GLOBE VLV 150MM PN16 CAST IRON WAFER,NOS,VALVE,7535.94
663,CPCL,Oil & Gas,MAT5937775,SCREW 15HP S.S.,NOS,PUMP,21133.52
530,NTPC,Power,NT15534820,butterfly vlv 50mm cl300 carbon steel screwed,UNIT,VLV,10021.36
779,CIL,Mining,CIL998651,ERW PIPE 40MM SCH80 STAINLESS STEEL 316,MTRS,PIPES,689.57
560,SAIL,Steel,S488-8995,As Per Is2062 Galvanized Sch40 Iron Pipe Smls 15Mm,MTRS,PIPES,1403.39
941,BHEL,Heavy Engineering,1270/6593,Roller Brg 30205 2Rs,EACH,BALL/ROLLER BRG,2149.36
563,BHEL,Heavy Engineering,9025/5618,MAKE L&T SEAMLESS PIPPE 150MM SCH40 GI,Mtr,PIPE,1513.53
1244,CPCL,Oil & Gas,MAT8771239,BALL VALVE 150MM CL300 CS FLANGED,No,VALVES,13375.63
707,GAIL,Oil & Gas,698384-G,PTEF GKT 150MM PN16,NO,GSKT,930.21
386,BHEL,Heavy Engineering,0496/7066,304 50mm seamless ss sch160 pipe,MTS,PIPE,1364.7
1035,CIL,Mining,CIL785185,ROLLER 6206 BEARING TAAPER MAKE AUDCO,NO,BALL/ROLLER BRG,644.97
441,HPCL,Oil & Gas,H34745245,CABLE 3Cx35 SQ MM CU PVC UNARMD 11KV MAKE POLYCAB,METER,POWER CABLE,428.3
408,NTPC,Power,NT97320331,SUBBMERSIBLE PUMP 25HP C.STEEL,EACH,PUMPING UNIT,94772.8
310,SAIL,Steel,S991-5668,3CX35 PVC 3.3KV CBL ALUMINIUM UNARM Smm,Metre,CABLES,536.72
952,CIL,Mining,CIL386194,SPRING WASHER M10 STAINLESS STEEL 316 PLAIN,EACH,FASTENERS,9.35
1011,ONGC,Oil & Gas,ON6572897,PIRAL WOUND GKT 150mm CL150,EACH,SEAL,1537.21
517,GAIL,Oil & Gas,120546-G,MAKE POLYCAB CABLE 2C x 6 SQMM ALU PVC ARM 3.3KV,MTR,WIRE,536.48
904,CPCL,Oil & Gas,MAT3272766,SCREW PMP 1HP CS,PCS,PUMPING UNIT,16665.91
1231,HPCL,Oil & Gas,H98886659,astm a106 check 100mm cl150 stainless steel flanged,NOS.,VLV,5559.42
1108,NTPC,Power,NT10801533,MAKE L&T STAINLESS 316 PLAIN STL BOLT STUD,EACH,FIXING,64.23
468,BHEL,Heavy Engineering,5911/9186,CABLE 4C X 10 SQ.MM CU PVC ARMOURED 1.1KV MAKE POLYCAB,METER,CABLE,168.58
716,ONGC,Oil & Gas,ON5585229,BALL VALVE 80 MM CARBON STEEL SCREWED,EACH,ISOLATION VALVE,5692.19
510,NTPC,Power,NT97990707,CABLE 3.5CX6 MM2 CU PVC UNARMD 1.1KV,MTRS,WIRE,748.33
301,BPCL,Oil & Gas,B-674233,UPMP 1HP GEAR AS PER IS2062,EACH,PUMP,78538.98
960,HPCL,Oil & Gas,H75867036,x SQMM UNARM 3C CABLE 35 ALUMINIUM LPE 3.3KV,Metre,ELECT CABLE,781.43
1001,ONGC,Oil & Gas,ON0388193,VLV C.STEEL BUUTTERFLY 80MM SCREWED,NOS,VALVES,12487.92
1199,CPCL,Oil & Gas,MAT9637902,3.3Kv Armoured Cbl Sqmm Pvc 3Cx25,METER,CABLES,527.87
794,CPCL,Oil & Gas,MAT1459967,SCREW PMP 25HP CARBON STEEL MAKE L&T,EACH,PUMP,77293.29
954,SAIL,Steel,S288-9594,Submersible Pump 2Hp S.S.,EACH,PUMPING UNIT,20045.78
631,IOCL,Oil & Gas,421838545,Smls Pipe 100Mm Sch160 S.S. 316,METER,PIPES,3191.95
924,NTPC,Power,NT20073429,WEDED PIPE 15MM SCH80 STAINLESS STEEL 316,Mtr,PIPING,1237.62
442,GAIL,Oil & Gas,450566-G,CBL 3C X 35 SQmm COPPER PVC 11KV,RMT,POWER CABLE,354.58
471,NTPC,Power,NT41529821,SPRING WASHER M6 GR. 10.9 BLACK,EACH,BOLT & NUT,13.91
26,NTPC,Power,NT94013990,SUBMERSIBLE PUMP 5HP CS,NOS,PUMPING UNIT,65329.59
266,IOCL,Oil & Gas,466845504,cable 1cx4 sq.mm cu xlpe unarmoured 1.1kv as per is2062,METER,WIRE,1035.1
1086,IOCL,Oil & Gas,724525737,galvanized bolt stud teel m20x20mm stainless 304,NOS,BOLT & NUT,35.24
136,BPCL,Oil & Gas,B-339452,CENT PMP 10HP STAINLESS,No,PUMPS,87241.4
786,ONGC,Oil & Gas,ON9025485,ALLEN PLATED 10.9 M6x50MM ZINC BOLT GRADE,Each,HARDWARE,68.39
1066,BHEL,Heavy Engineering,0360/7223,SMLS 50MM SCH40 CARBON STEEL,MTRS,PIPE,1271.84
312,HPCL,Oil & Gas,H30276420,SPHERICAL ROLLER BEARING 6003 MAKE KIRLOSKAR,EACH,BEARINGS,2144.37
812,IOCL,Oil & Gas,708987092,CENT C.I. 10HP PMP,NOS,PUMP ASSY,56357.78
33,IOCL,Oil & Gas,937923747,MAKE POLYCAB TAER ROLLER BEARING 6305 2RS,EA,ANTI FRICTION BEARING,356.99
715,CIL,Mining,CIL900362,BALL VALVE 80MM PN16 CARBON STEEL SCREWED,EACH,VALVES,4980.37
170,SAIL,Steel,S220-3173,ERW PIPE 150 MM SCH80 STAINLESS STL 316,Mtr,PIPE,1615.13
156,ONGC,Oil & Gas,ON3937690,CABLE 1C X 4 SQMM ALUMINIUM X LPE ARMD 1.1KV,M,POWER CABLE,731.54
787,CIL,Mining,CIL742164,bolt plated 10.9 allen m6x50mm zinc grade,No,BOLT & NUT,69.55
318,SAIL,Steel,S954-2961,PUMP 1HP C.STEEL SUBMERSIBLE,EACH,PUMPS,59099.77
152,HPCL,Oil & Gas,H65991624,BALL VALVE 40MM CL300 SSTAINLESS STL,Each,VLV,9679.1
370,IOCL,Oil & Gas,982474140,MAKE SKF TAPER ROLLER BRNG 6206 ZZ,EA,BRG,1472.3
1092,HPCL,Oil & Gas,H15374051,SCREW PUMP 15HP CARBON STEEL,NOS.,PUMPING UNIT,55882.59
16,NTPC,Power,NT66587603,allen bolt m24 20mm grade 10.9 plain,EA,FASTENER,51.29
124,BHEL,Heavy Engineering,5135/3465,MAKE FAG SCREW PMP 5HP STAINLESS STL,EACH,PUMPS,89560.66
146,GAIL,Oil & Gas,257775-G,Is 1239 Gear Pump 1Hp Steel,EACH,PUMPING UNIT,78421.23
572,SAIL,Steel,S998-2137,CABLE 1CX6 SQMM XLE ARMOURED 3.3KV AS PER IS2062,RMT,CABLES,271.87
604,CIL,Mining,CIL239102,CHECK VALVE 80MM CL300 SS FLANGED,NO,INDUSTRIAL VALVE,3985.27
873,IOCL,Oil & Gas,936785764,MAKE POLYCAB 30205 ZZ BEARING BALL,UNIT,BEARING,722.86
158,ONGC,Oil & Gas,ON7333433,HEX NUT M12 GR 4.6 GALVANIZED,EACH,FASTENERS,34.0
498,CIL,Mining,CIL752568,150MM PTFE GASKET CL150,NOS,GSKT,1432.24
697,ONGC,Oil & Gas,ON3774926,25HP C.STEEL CENTRIFUGAL PUMP,No,PUMPING UNIT,77653.74
79,CIL,Mining,CIL725228,SCREW 7.5HP CI PUMP,EACH,PUMP ASSY,33593.96
747,CIL,Mining,CIL079230,HE* NUT M10 STAINLESS STEEL 304 GALVANIZED,Each,FASTENER,28.73
47,SAIL,Steel,S679-8079,MAKE KIRLOSKAR HE* BOLT M12*20MM GR. 10.9 ZINC PLATED,EACH,FIXING,59.48
1261,HPCL,Oil & Gas,H35433732,ROLLER BRNG 6205 ZZ,NOS.,BALL/ROLLER BRG,2212.62
189,GAIL,Oil & Gas,179469-G,PVC 1.1KV UNARMD MM2 CBL 1C*50 COPPER,METER,WIRE,1013.81
58,NTPC,Power,NT58313237,TAPER ROLLER BEARING 6305,NOS.,BEARINGS,1387.4
219,SAIL,Steel,S055-2818,CBL 2CX4 SQMM CU PVC ARMOURED,MTS,WIRE,1251.04
1116,CIL,Mining,CIL039963,304 GALVD M16x40MM BOLT STUD S.S.,NOS,HARDWARE,64.07
439,CIL,Mining,CIL997046,WOUND SPIRAL CL150 GSKT 25MM,UNIT,GASKETS,1504.78
147,IOCL,Oil & Gas,084887256,GERA PMP CARBON STEEL,EACH,PUMPS,82138.75
982,IOCL,Oil & Gas,848868656,Erw Pipe 100Mm Sch80 Ss 304,METER,PIPE,214.62
1023,SAIL,Steel,S626-2591,SPIRAL WOUND GSKT 80MM CL150 MAKE KIRLOSKAR,EACH,GSKT,748.95
1266,SAIL,Steel,S095-9145,SCREW PMP 10HP CAST IROON,EACH,PUMPING UNIT,56962.67
1080,BHEL,Heavy Engineering,0061/7413,SMLS PIPE 40MM SCH80 CARBON STEEL,MTR,PIPES,1139.7
690,CPCL,Oil & Gas,MAT2946902,CBL 3Cx1.5 SQMM CU PVC ARMD 1.1KV,MTR,POWER CABLE,931.14
406,NTPC,Power,NT59592248,MAKE FAG BUTTERFLY VALVE 100MM CL150 C.STEEL SCREWED,EACH,ISOLATION VALVE,15656.62
496,CIL,Mining,CIL733055,GEAR PMP 7.5HP SS MAKE AUDCO,EA,PUMP,69521.83
235,SAIL,Steel,S499-4657,STAINLESS STL SCH40 316 15mm WELDED PIPE,Metre,PIPING,3111.28
133,GAIL,Oil & Gas,199488-G,ptfe gkt 100mm cl150 astm a106,NOS,GASKET,152.53
464,GAIL,Oil & Gas,501394-G,ERW 15MM GI PIPE SCH160,METER,PIPES,2107.56
1225,BHEL,Heavy Engineering,3695/7562,REF DWG SEAMLESS PIPE 150MM SCH160 STAINLESS STEEL 316,Mtr,PIPE,2224.7
965,HPCL,Oil & Gas,H56119989,hex m16 gr 10.9 black,PCS,FIXING,30.04
601,SAIL,Steel,S461-7773,HE* NUT M8 STAINLESS STEEL 316 ZINC PLATED,No,BOLT & NUT,54.14
491,ONGC,Oil & Gas,ON7015959,M12 PLAIN GR. 4.6 SPRING WASHER,EACH,FASTENER,59.35
1014,CPCL,Oil & Gas,MAT6824323,spiral gasket 150mm cl150,Each,GASKET,1437.96
346,HPCL,Oil & Gas,H02146296,ROLLER BRNG 22210 ZZ,EACH,BALL/ROLLER BRG,2010.33
943,IOCL,Oil & Gas,106173563,ROLLER EARING 2RS 30205,NO,BALL/ROLLER BRG,2004.22
1079,BPCL,Oil & Gas,B-126532,BALL BRNG 51110 ZZ,NOS,BEARINGS,1402.34
795,SAIL,Steel,S021-7816,SCREW PUMP C.STEEL,NOS.,PUMPS,78684.43
876,HPCL,Oil & Gas,H13068624,TAPER ROLLER BRG 22210 2RS MAKE AUDCO,EACH,BRG,862.22
696,IOCL,Oil & Gas,963308334,make kirloskar pump 25hp centrifugal carbon steel,No,PUMPING UNIT,95657.49
979,GAIL,Oil & Gas,622901-G,ERW PIPE 100MM SCH80 S.S. 304,MTS,PIPE,233.79
577,BHEL,Heavy Engineering,0872/6176,BALL VAVLE 80MM CL300 SS FLG,EACH,ISOLATION VALVE,11474.25
1054,BHEL,Heavy Engineering,4646/3989,MAKE FAG STEEL GLOBE CARBON CL300 80MM VALVE FLANGED,PCS,INDUSTRIAL VALVE,17475.95
793,NTPC,Power,NT37170864,PUMMP CS 25HP SCREW,No,PUMPS,86154.93
725,NTPC,Power,NT08581810,SEAMLESS PIPE 40MM SCH80 STAINLESS STEEL 316,RMT,MS/CS PIPE,2942.22
262,BHEL,Heavy Engineering,9341/7223,BALL BEARING 6205 ZZ,No,BEARINGS,2172.13
1271,HPCL,Oil & Gas,H53298568,BUTTERFLY VALVE 150MM PN25 CAST IRON MAKE L&T,EACH,VLV,12802.04
278,CPCL,Oil & Gas,MAT1498728,SPRING WASHER M8 GRADE 4.6 GALVANIZED ASTM A106,PCS,HARDWARE,39.31
404,SAIL,Steel,S379-3126,BUTTERFLY VALVE 100MM CL150 CARBON STEEL SREWED,NO,VALVES,12858.38
1273,GAIL,Oil & Gas,198872-G,UNARMOURED CABLE 3.3KV ALUMINIUM XLPE SQmm 3.5CX2.5,MTRS,POWER CABLE,277.75
186,CPCL,Oil & Gas,MAT9268602,cbl 1cx50 sqmm copper pvc unarm 1.1kv,METER,WIRE,1246.99
1051,NTPC,Power,NT49655239,GLOBE VALVE 80MM CL300 CS FLG,PCS,ISOLATION VALVE,16137.31
815,CIL,Mining,CIL302618,Ball Bearing Nu309,Each,BRG,1899.83
458,HPCL,Oil & Gas,H22723626,BALL VALVE 40MM CL150 C.STEEL WAFER,EACH,VLV,13566.22
224,NTPC,Power,NT97517028,CENTRIF PUMP 15HP SS,EACH,PUMPS,102207.35
234,HPCL,Oil & Gas,H86463175,WELDED PIPE 15MM STAINLESS STL 316,METER,PIPES,3543.04
1237,NTPC,Power,NT59519484,GATE VALVE 100MM CL150 C.I. FLANGED,EACH,VALVE,2103.67
42,BPCL,Oil & Gas,B-585149,Butterfly Valve 25Mm Pn16 Cast Iron Flanged,EACH,VALVE,6752.33
933,NTPC,Power,NT98770745,WELDED PIPE 40MM SCH40 CS,Metre,PIPES,2447.45
421,ONGC,Oil & Gas,ON0462268,ROLLER BEARING ZZ,Each,ANTI FRICTION BEARING,1248.84
335,ONGC,Oil & Gas,ON4361721,MAKE AUDCO STAINLESS PUMP 2HP STEEL GEAR,Each,PUMPING UNIT,90320.64
418,SAIL,Steel,S702-3244,MAKE FAG ROLLER BEARING 30210 ZZ,EACH,BEARINGS,1165.65
593,CIL,Mining,CIL781367,Is 1239 Galvd Sch40 Pipe Iron Eamless 80Mm,Mtr,PIPING,3465.33
369,CPCL,Oil & Gas,MAT5696443,TAPER ROLLER BRG 6206 ZZ,EA,BRG,1349.78
579,BHEL,Heavy Engineering,7300/8696,UNARMD CABLE xLPE AL SQMM 2Cx25 11KV MAKE KIRLOSKAR,METER,CABLES,412.29
367,BHEL,Heavy Engineering,3882/2114,Taper Roller Brg 6206 Zz,NOS,BRG,1493.24
395,GAIL,Oil & Gas,298120-G,ERW PIPE 25 MM SCH160 STAINLESS STEEL 304,Metre,PIPES,2327.23
582,HPCL,Oil & Gas,H35617817,ASTM A106 2CX25 11KV CABLE SQMM UNARMD XLPE ALUMINIUM,METER,CABLES,347.33
405,CPCL,Oil & Gas,MAT1620281,100MM BUTTERFLY SCREWED STELE CL150 CARBON VLV,NO,VLV,16833.82
511,BHEL,Heavy Engineering,7481/1317,CABLE 3.5C x 6 SQMM CU PVC UNARM 1.1KV,MTS,CABLE,866.64
110,SAIL,Steel,S396-5223,CAF GKT CL150,PCS,GASKET,118.95
375,BPCL,Oil & Gas,B-238497,NUT M6 GRADE ZINC PLATED HEX 10.9 MAKE SKF,NO,HARDWARE,54.28
955,BHEL,Heavy Engineering,6504/7188,Submersible Pump 2Hp Stainless Steel,EACH,PUMP ASSY,26357.09
69,SAIL,Steel,S527-4205,CHECK VALVE 150MM PN16 C.I. SCREWED,UNIT,VALVE,13346.96
992,SAIL,Steel,S115-4773,BALL VLV 40 MM CL300 STAINLESS SEEL SCREWED,NO,VALVE,12670.95
208,NTPC,Power,NT90877661,WELDED PIPE 150 MM SCH40 CARBON STEEL MAKE SKF,RMT,PIPING,2166.58
1061,SAIL,Steel,S259-1204,Seamless Pipe 150Mm Sch160 Ss 304,MTS,PIPE,2135.2
991,IOCL,Oil & Gas,477656590,Submersible Pump 7.5Hp C.I.,EACH,PUMP ASSY,8505.79
946,BPCL,Oil & Gas,B-922551,SPHERICAL ROLLER BER 6206 ZZ,NOS.,BEARINGS,633.56
712,IOCL,Oil & Gas,849378467,PLAIN WASHER M16 GR 4.6 ZINC PLATED,No,FASTENER,19.95
340,GAIL,Oil & Gas,862369-G,GLOBE VLV 25MM PN25 CAST IRON WAFER,EA,VALVE,10778.99
205,BPCL,Oil & Gas,B-938525,TAPER ROLLER BEARING 6305 ZZ,Each,BEARINGS,1650.75
420,BPCL,Oil & Gas,B-558099,ROLLER BEARING 30210 ZZ ASTM A106,EA,BRG,1284.4
303,CPCL,Oil & Gas,MAT4916016,GEAR C.I. PMP 1HP,EACH,PUMP ASSY,82360.67
342,NTPC,Power,NT56818209,ROLLER BER 22210 ZZ,EA,BEARING,2336.65
976,GAIL,Oil & Gas,722870-G,REF DWG ALLEN BOLT M24x40MM GRADE 10.9 BLACK,EACH,BOLT & NUT,34.24
291,NTPC,Power,NT90225999,GLOBE VALVE 150 MM PN25 C.STEEL,NOS.,VALVE,8227.88
974,HPCL,Oil & Gas,H61669100,ALLEN BOLT M24X40 MM GRADE 10.9 BLACK MAKE KIRLOSKAR,EACH,FASTENER,33.08
1217,BPCL,Oil & Gas,B-109360,SPIRAL WOUND GASKET 100MM PN16,Each,GASKET,1439.79
686,CPCL,Oil & Gas,MAT6408822,C.STEEL CEENT 10HP PUMP,UNIT,PUMPING UNIT,36371.37
664,GAIL,Oil & Gas,438419-G,SCRW PMP 15HP STAINLESS STL,PCS,PUMP,17482.43
362,CIL,Mining,CIL718839,gate valve 50mm cl300 cast iron flgd,EA,VLV,2248.26
387,ONGC,Oil & Gas,ON8648769,G.I. PIPE SCH40 25MM SEAMLESS,METER,PIPE,746.71
293,IOCL,Oil & Gas,493874302,GLOBE VLV 150mm PN25 CARBON STEEL LFGD,EACH,ISOLATION VALVE,7753.52
956,ONGC,Oil & Gas,ON6798994,SUBMERSIBLE PUMP 2HP SS,Each,PUMP ASSY,23863.1
913,SAIL,Steel,S226-8159,MAKE AUDCO M16 HE 316 PLAIN x BOLT S.S. 20MM,EACH,FASTENER,21.43
221,HPCL,Oil & Gas,H46827567,ARM PVC 1.1KV CBL SQMM 2CX4 CU,Metre,CABLE,1182.42
653,CIL,Mining,CIL503100,CABLE 2C x 10 mm2 ALUMINIUM x LPE 1.1KV,METER,WIRE,466.39
1067,BPCL,Oil & Gas,B-403304,HE X BOLT M8 X 80 MM SS 316 ZINC MAKE AUDCO,EACH,HARDWARE,2.47
981,BPCL,Oil & Gas,B-479053,ERW PIPE 100MM SCH80 STAINLESS STEEL 304,M,PIPE,191.46
296,IOCL,Oil & Gas,752308370,RLOLER BEARING 6307 MAKE FAG,NOS,BEARINGS,2122.08
1218,NTPC,Power,NT70149726,SPIRAL WUND GASKET 100 PN16,UNIT,JOINTING,1417.61
28,CPCL,Oil & Gas,MAT2480861,taper roller 6305 2rs,EACH,BEARINGS,428.24
798,BHEL,Heavy Engineering,3444/3596,ABLL BEARING 22210,EACH,ANTI FRICTION BEARING,147.75
814,IOCL,Oil & Gas,171461995,NU309 BALL BEARING,EACH,BEARINGS,1473.41
316,IOCL,Oil & Gas,189813129,SUBMERSIBLE PUMP 1HP CARBON STEEL,EACH,PUMP ASSY,62471.99
673,CPCL,Oil & Gas,MAT0052781,MAKE AUDCO SUBMERSIBLE UMP 7.5HP CARBON STEEL,UNIT,PUMPING UNIT,65259.66
1111,IOCL,Oil & Gas,035321244,Cable 3Cx16 Sq Mm Cu Pvc 11Kv,Metre,POWER CABLE,341.08
761,CIL,Mining,CIL573855,Rng Gasket 150 Mm Cl150,Each,GASKET,1231.71
490,BHEL,Heavy Engineering,2694/9684,spring washer m12 gr 4.6 plain make fag,No,FASTENERS,58.28
123,BPCL,Oil & Gas,B-830965,CBL 3.5C x 1.5 SQM ALU PVC ARMOURED 1.1KV,METER,CABLES,925.67
423,NTPC,Power,NT43897607,ROLLER 30210 ZZ,No,BALL/ROLLER BRG,1353.68
1160,ONGC,Oil & Gas,ON7215052,ROLLER BEARING 6305 2RS IS 1239,EACH,BEARING,1591.52
1195,ONGC,Oil & Gas,ON7045594,GLOBE VALEV 25MM PN25 S.S. FLANGED,UNIT,VALVE,12952.39
412,SAIL,Steel,S518-4390,AS PER IS2062 SUBMERSIBLE PMP 25HP STEEL,UNIT,PUMP,96128.26
1210,IOCL,Oil & Gas,751005687,PTFE GSKET CL300 MAKE SKF,EACH,GASKETS,1255.7
846,HPCL,Oil & Gas,H31555057,ball brng 30205 is 1239,PCS,BEARINGS,701.46
1040,HPCL,Oil & Gas,H54550054,taper roller ber 30205,NOS.,BEARINGS,1805.16
900,SAIL,Steel,S431-5668,SCREW PUMP 1HP C.STEEL,EACH,PUMP,17019.54
660,IOCL,Oil & Gas,855881959,PLAIN WASHER M20 GR 8.8 GALV,EACH,FASTENERS,2.23
434,IOCL,Oil & Gas,494902284,SPIRAL WOUND GSKT 25MM CL150,UNIT,JOINTING,1304.3
1146,NTPC,Power,NT84771988,ERW PIPE 50MM SCH20 STAINLESS STEEL 316,MTR,PIPING,2758.01
350,CPCL,Oil & Gas,MAT2963533,SPIRAL WOUND GKT 50MM CL300,PCS,GSKT,1386.52
1254,BPCL,Oil & Gas,B-859358,PTTFE GKT 80 MM CL150,PCS,SEAL,1391.93
1102,HPCL,Oil & Gas,H46998428,CBL 2C x SQMM ALU PVC ARMOURED 1.1KV,M,WIRE,1435.88
216,BPCL,Oil & Gas,B-042177,WELDED PIPE 25MM SCH20 CARBON MAKE L&T,MTRS,MS/CS PIPE,398.3
1252,HPCL,Oil & Gas,H21442673,Mm Cl150 80 Ptfe Make Audco,EACH,GASKETS,1508.5
681,GAIL,Oil & Gas,609873-G,CS CETRIFUGAL 10HP PMP,EACH,PUMP ASSY,37877.22
61,BHEL,Heavy Engineering,4473/6471,6305 ROLLER BRNG TAPER,NOS,BALL/ROLLER BRG,1244.37
733,HPCL,Oil & Gas,H38109794,SPIRAL GASKET 150MM CL300,PCS,SEAL,318.38
919,CIL,Mining,CIL875703,ERW PIPE 50 MM SCH20 SS 304,METER,PIPING,1526.57
842,IOCL,Oil & Gas,176755398,GATE VALVE 80mm CL300 CI WAFRE,EACH,INDUSTRIAL VALVE,4134.15
964,IOCL,Oil & Gas,656582344,CBL 3C*35 SQMM ALU *LPE UNARMOURED 3.3KV,Metre,CABLE,640.86
1137,CPCL,Oil & Gas,MAT4037043,BALL VLV 50MM PN25 CAST IRON FLGD,NOS.,VALVES,3179.42
1169,IOCL,Oil & Gas,548070473,M24X25Mm Stud 304 Stainless Plated Stl Bolt Zinc,EA,FIXING,49.37
381,CPCL,Oil & Gas,MAT3898469,ERW PIPE 80MM SCH40 SS 316,M,MS/CS PIPE,446.01
553,IOCL,Oil & Gas,236533774,2HP SUBMERSIBLE CS,NOS.,PUMPS,8108.76
1165,BPCL,Oil & Gas,B-120753,STUD BOLT M24 X 25MM S.S. 304 ZINC PLATED,EACH,HARDWARE,60.84
223,BHEL,Heavy Engineering,9274/5238,CBL 2Cx4 SQ MM COPPER PVC ARMD 1.1KV,MTRS,POWER CABLE,1145.27
1018,GAIL,Oil & Gas,888070-G,CBL SQMM ALUMINIUM PVC ARMOURED 3.3KV,MTRS,CABLES,972.17
765,SAIL,Steel,S886-9320,HE X BOLT M12 X 20MM GRADE BLACK,EACH,BOLT & NUT,13.62
1214,HPCL,Oil & Gas,H68176975,GEAR PMP 1HP STAINLESS STL,UNIT,PUMPING UNIT,30327.14
493,NTPC,Power,NT15794238,Gear Pmp 7.5Hp S.S.,EACH,PUMP,62331.53
684,BPCL,Oil & Gas,B-927711,10Hp Pump Cnt C.Steel,Each,PUMP ASSY,45143.21
327,GAIL,Oil & Gas,637189-G,Gear Pmp 2Hp Carbon Steel As Per Is2062,NO,PUMPS,73032.92
558,BHEL,Heavy Engineering,1189/3940,SCH40 SEAMLESS GALV PIPE 15MM IRON,METER,TUBE,1444.54
456,BPCL,Oil & Gas,B-303589,MAKE POLYCAB BALL VALVE 40mm CL150 CS WAFER,EACH,VALVES,15891.71
519,BHEL,Heavy Engineering,7982/1433,MAKE KIRLOSKAR CENTRIF PUMP 5HP CAARBON STEEL,EACH,PUMPS,29707.07
642,BHEL,Heavy Engineering,1809/5217,HE x BOLT M10 x 100MM STEEL 316 BLACK,EACH,BOLT & NUT,13.93
1256,BHEL,Heavy Engineering,4609/1210,STEEL PMP SCREW STAINLESS 7.5HP,UNIT,PUMPING UNIT,50370.75
520,CIL,Mining,CIL134778,CENTRIFUGAL PMP 5HP CARBON STEEL,EACH,PUMP,33799.14
1228,GAIL,Oil & Gas,470060-G,make audco 11kv unarmoured copper 3cx6 xlpe cbl,METER,POWER CABLE,534.76
770,NTPC,Power,NT06540259,BALL BEARING 6204 2RS,NOS,BALL/ROLLER BRG,2240.12
1260,BPCL,Oil & Gas,B-022892,Roller 6205 Bearing Zz As Per Is2062,NO,BRG,2840.13
244,SAIL,Steel,S764-9078,CBL 3.5CX50 SQMM CU XLPE ARM 11KV,MTR,POWER CABLE,600.49
1085,CPCL,Oil & Gas,MAT8578872,STUD BOTL M20x20MM S.S. 304 GALVD,NOS,FIXING,31.62
735,IOCL,Oil & Gas,867202009,psiral gkt 150mm cl300,NOS,GASKETS,355.08
906,GAIL,Oil & Gas,057771-G,4Cx6 SQMM 11KV ALUMINIUM ARMOURED CBL PVC AS PER IS2062,RMT,CABLES,470.99
1224,HPCL,Oil & Gas,H77917431,SMLS PIPE 150MM SCH160 STAINLESS STEEL 316,METER,PIPING,2259.54
169,HPCL,Oil & Gas,H74982182,CAST 5HP PUMP SCREW,EA,PUMPING UNIT,20223.6
1112,NTPC,Power,NT79412325,3C*16 11KV PVC SQMM CABLE UNARM,MTR,POWER CABLE,358.61
1156,GAIL,Oil & Gas,941429-G,ROLLER BEARING 6305 2RS REF DWG,NOS,BEARINGS,1534.85
474,IOCL,Oil & Gas,031723513,SMLS PIPE 80MM SCH40 STAINLESS STL 316,Metre,TUBE,2733.65
57,BPCL,Oil & Gas,B-027868,CBL 3CX2.5 SQMM CU PVC UNARM 1.1KV,METER,CABLE,778.98
1232,CIL,Mining,CIL153218,CHECK VLV 100mm CL150 SS FLANGED,NOS.,ISOLATION VALVE,5545.86
7,BPCL,Oil & Gas,B-468723,Cbl 2Cx50 Sqmm Copper Unarmoured 3.3Kv,MTS,ELECT CABLE,346.11
871,ONGC,Oil & Gas,ON6801990,cent pump s.s.,Each,PUMP,55642.2
922,GAIL,Oil & Gas,586267-G,15mm WELDED PIPE 316 S.S.,Metre,PIPES,1249.6
160,CPCL,Oil & Gas,MAT4386632,CBL 3C X 25 SQMM CU PVC 11KV,Mtr,CABLE,738.09
150,GAIL,Oil & Gas,280920-G,SUBMERSIIBLE PMP 10HP SS AS PER IS2062,EA,PUMPS,41177.63
258,SAIL,Steel,S769-7499,ippe erw sch80 50mm g.i.,MTR,PIPING,352.51
1208,CPCL,Oil & Gas,MAT6109221,ASTM A106 PTFE SKT 100MM CL300,EACH,GASKET,1019.95
602,GAIL,Oil & Gas,702927-G,hex nut m8 s.s. 316 zinc plated,EACH,FIXING,54.97
428,BPCL,Oil & Gas,B-487368,STUD BOLT 8.8 GRADE M24X50MM REF DWG,Each,FASTENER,70.84
576,IOCL,Oil & Gas,428596932,BALL VALVE 80MM CL300 STAINLESS STEEL FLG,UNIT,ISOLATION VALVE,11626.4
766,NTPC,Power,NT97640535,hex bolt m12x20mm grade 4.6 black,Each,BOLT & NUT,17.34
164,ONGC,Oil & Gas,ON5478077,CBL 4C x 50 SQ.MM COPPER PVC UNARM 3.3KV,Metre,CABLES,971.86
215,NTPC,Power,NT15313636,WELDED C.STEEL SCH20 25MM,RMT,PIPES,530.61
785,GAIL,Oil & Gas,701799-G,PLATED GR 10.9 ALLEN BOLT M6 ZINC 50MM X,EACH,FIXING,58.13
297,CIL,Mining,CIL533106,roller bearing 6307,Each,BEARINGS,2180.61
1119,CIL,Mining,CIL369323,MAKE L&T SPHERICAL ROLLER BRG 22210 2RS,EACH,ANTI FRICTION BEARING,181.75
1068,ONGC,Oil & Gas,ON2809241,plated bolt s.s. hex 316 m8x80mm zic,EA,HARDWARE,2.28
838,CPCL,Oil & Gas,MAT1589258,8.8 PLAIN M6X25MM BOLT STUD GRADE,EACH,FASTENERS,52.39
1213,ONGC,Oil & Gas,ON3770217,GEAR PMP STAINLESS STEEEL,NOS.,PUMPING UNIT,30633.82
403,IOCL,Oil & Gas,314976461,PLAIN WASHER M12 GR. 4.6 ZINC PLATED,NOS,HARDWARE,9.16
972,CPCL,Oil & Gas,MAT9121852,SQMM CBL XLPE 11KV ARM 4CX2.5 REF DWG,METER,CABLE,297.8
1205,GAIL,Oil & Gas,420042-G,make skf spring washer m24 grade 8.8 plain,EACH,BOLT & NUT,18.33
282,BPCL,Oil & Gas,B-915078,4.6 WASHER M8 SPRING GGALVANIZED GRADE REF DWG,UNIT,FIXING,37.22
734,BHEL,Heavy Engineering,2251/7422,SPIRAL WOUND GSKT 150MM CL300,EACH,GASKETS,366.65
3,GAIL,Oil & Gas,148932-G,CABLE 2C x 50 SQMM CU x LPE UNARMD 3.3KV,Mtr,WIRE,406.63
46,IOCL,Oil & Gas,799799552,Make L&T 10.9 X He Plated 20Mm Bolt Gr. M12 Zinc X,EACH,HARDWARE,49.42
90,CIL,Mining,CIL714785,submersible ump 15hp cast iron,EA,PUMPS,49697.96
1177,HPCL,Oil & Gas,H88610859,MAKE AUDCO SMLS PIPE 80MM SCH20 G.I.,M,MS/CS PIPE,1489.35
333,IOCL,Oil & Gas,404226931,2HP STEEL PUMP GEAR STAINLESS,UNIT,PUMPS,107339.89
1115,BHEL,Heavy Engineering,7405/0133,Washer Galvd 316 Stel Spring Stainless,NO,FIXING,70.55
1178,SAIL,Steel,S964-5876,ASTM A106 80MM PPE G.I. SMLS SCH20,Metre,TUBE,1668.61
1081,CPCL,Oil & Gas,MAT6507612,smls pipe sch80 c.steel,METER,PIPE,1088.27
400,SAIL,Steel,S456-6766,WASHER PLAIN M12 ZINC 4.6 PLATED GRADE MAKE KIRLOSKAR,EACH,BOLT & NUT,8.39
723,HPCL,Oil & Gas,H45900992,SMLS PIPE 40MM SCH80 STAINESS STEEL 316 MAKE FAG,METER,PIPE,3341.75
34,GAIL,Oil & Gas,097439-G,ALLEN BOLT M6 X 100mm S.S. 304 PLAIN,EACH,FIXING,45.22
181,CPCL,Oil & Gas,MAT5782329,HEX NUT M20 GR. 8.8 ZINC PLATED,Each,FIXING,45.83
191,CPCL,Oil & Gas,MAT8495880,CBL 2CX1.5 COPPER PVC UNARM 1.1KV,Metre,CABLE,466.95
1002,BHEL,Heavy Engineering,2836/0308,PN25 C.STEEL SCREWED VLV 80MM BUTTERFLY,EACH,VLV,10283.98
431,HPCL,Oil & Gas,H68832753,STUD BOLT M24 x 50 MM GRADE 8.8 BLACK REF DWG,EACH,FIXING,51.54
91,SAIL,Steel,S692-9662,Pump Cast 15Hp Submersible Iron,No,PUMP ASSY,55233.55
757,HPCL,Oil & Gas,H37530768,PTFE 150MM CL300,UNIT,GSKT,1538.85
808,CPCL,Oil & Gas,MAT6519170,centrifugal pmp 10hp cast,EACH,PUMP ASSY,43577.09
86,SAIL,Steel,S519-3982,HEX BOLT M12X40mm STAINLESS STEEL 316 BLACK,NOS.,HARDWARE,63.45
844,IOCL,Oil & Gas,820706690,BALL BEARING 30205,EACH,BEARING,710.85
1109,SAIL,Steel,S457-5959,STUD BOLT M16 X 100MM SS 316 PLAIN,No,FIXING,67.38
89,CIL,Mining,CIL401051,hex bolt m12x40mm s.s. 316 black,EACH,FASTENER,56.64
683,CIL,Mining,CIL026876,CENTRIF PMP 10HP C.STEEL,EACH,PUMP,38848.59
872,CIL,Mining,CIL860157,CENTRF 1HP SS,EACH,PUMPS,51398.21
322,ONGC,Oil & Gas,ON6093068,BOLT 8.8 M12X65MM PLAIN SSTUD GR.,EACH,FASTENER,51.69
371,BPCL,Oil & Gas,B-423691,TAPER ZZ 6206 ROLLER BRG,EACH,BEARING,1490.15
939,SAIL,Steel,S614-2152,Make Audco Roller Brng 30205 2Rs,NO,ANTI FRICTION BEARING,1695.92
713,HPCL,Oil & Gas,H44299067,WASHER GRADE M16 4.6 PLATED PLAIN ZINC,PCS,BOLT & NUT,19.17
580,SAIL,Steel,S150-7628,make fag cbl 2cx25 sq mm aluminium xlpe unarm 11kv,METER,WIRE,319.2
248,NTPC,Power,NT94215291,GEAR PUMP 10HP C.I.,EA,PUMP ASSY,31488.61
613,HPCL,Oil & Gas,H00046661,SMLS PIPE 15MM SCH20 CS IS 1239,METER,PIPING,2687.68
866,NTPC,Power,NT53811683,SPRING WASHER M24 GR. 8.8 ZINC PLATED REF DWG,EACH,FASTENER,25.82
452,IOCL,Oil & Gas,161177687,GEAR PMUP 10HP S.S.,NO,PUMPS,54417.94
151,IOCL,Oil & Gas,103886291,BALL VALVE 40MM CL300 STAINLESS STEEL WAFER,PCS,VALVES,10192.25
112,ONGC,Oil & Gas,ON9029593,Cbl 3Cx16 Sq. Mm Copper Pvc Arm 11Kv,RMT,ELECT CABLE,1435.43
961,CIL,Mining,CIL335761,CABLE 3C*35 SQ MM AL *LPE UNARM 3.3KV,Mtr,CABLES,594.63
705,BPCL,Oil & Gas,B-267136,PTFE GASKET 150MM PN16,EACH,JOINTING,1056.55
114,HPCL,Oil & Gas,H18159970,MAKE SKF CBL 3CX16 SQMM CU PVC ARMOURED 11KV,MTRS,CABLES,1410.68
460,ONGC,Oil & Gas,ON6451017,ERW PIPE 15MM SCH160 GALVANIZED IRON,M,TUBE,2035.1
1238,BHEL,Heavy Engineering,7451/3636,MAKE AUDCO GATE VLV 100MM CL150 CAST IRON FLGD,NO,VLV,1945.32
44,CPCL,Oil & Gas,MAT4978403,BUTTRFLY VLV 25MM PN16 C.I.,NO,VALVE,7043.95
618,CIL,Mining,CIL806757,SPHERICAL ROLLER BEARING 6003 ZZ,NOS,BRG,1966.05
617,IOCL,Oil & Gas,018644822,MAKE FAG SPHERICAL ROLLER BRNG 6003 ZZ,NOS.,BALL/ROLLER BRG,2033.33
1007,IOCL,Oil & Gas,597177170,ERW PIPE 40 MM SCH80 GI,Mtr,PIPES,1608.29
1159,CIL,Mining,CIL402157,roller brng 6305 2rs,EA,ANTI FRICTION BEARING,1711.28
949,GAIL,Oil & Gas,242224-G,cbl 3c x 16 sq mm aluminium x lpe armoured 11kv,MTRS,CABLE,1094.02
721,BPCL,Oil & Gas,B-849979,CBL SQMM COPPER PVC ARM 3.3KV,M,WIRE,702.39
220,CIL,Mining,CIL401557,CBL 2CX4 SQMM CU PVC ARMOURED 1.1KV,METER,ELECT CABLE,1309.72
1016,ONGC,Oil & Gas,ON8878602,CBL 2CX10 SQMM ALUMINIUM PVC ARMD 3.3KV,METER,ELECT CABLE,1072.17
484,GAIL,Oil & Gas,822261-G,HEx BOLT M8x20MM GR. 8.8,EACH,FASTENER,26.4
457,NTPC,Power,NT89634064,ball valve 40mm cl150 carbon steel wafer,PCS,VALVES,17602.73
831,ONGC,Oil & Gas,ON1680613,WELDED PIPE 80 MM SCH40 C.STEEL ASTM A106,M,TUBE,1840.61
1010,GAIL,Oil & Gas,809473-G,ERW PIPE 40MM SCH80 G.I.,MTR,TUBE,1788.69
1055,HPCL,Oil & Gas,H09260001,smls pipe 15mm sch80 stainless steel 316,METER,TUBE,1302.65
516,GAIL,Oil & Gas,821781-G,AS PER IS2062 WELDED PIPE 40MM SCH40 GALVANIZED IRON,Metre,PIPES,188.76
338,NTPC,Power,NT52472863,MAKE SKF 2HP PMP S.S. GEAR,NO,PUMPING UNIT,80382.92
659,CPCL,Oil & Gas,MAT1523802,plain washer m20 gr 8.8 galv,NOS,FASTENER,2.52
1072,CIL,Mining,CIL576274,RING JOINT GASKET 80MM PN16 MAKE L&T,EACH,SEAL,1022.36
552,BPCL,Oil & Gas,B-429291,6003 2RS BEARING SPHERICAL ROLLER,NO,BEARINGS,2093.16
1222,CPCL,Oil & Gas,MAT3355262,SEAMLESS PIPE 150MM SCH160 S.S. 316 MAKE AUDCO,METER,TUBE,2624.15
633,BHEL,Heavy Engineering,6217/5080,SEAMLESS PIPE 100MM SCH160 STAINLESS STEEEL 316,Metre,MS/CS PIPE,3087.43
483,SAIL,Steel,S111-0005,ASTM A106 HEX BOLT M8X20MM 8.8 GALV,EACH,FASTENER,30.51
1136,HPCL,Oil & Gas,H63342285,BALL VLV 50 MM PN25 CAST IRON FLGD,PCS,VLV,3239.71
447,GAIL,Oil & Gas,562439-G,BALL BRNG 51110 2RS,Each,BEARINGS,688.91
51,BPCL,Oil & Gas,B-075818,CABLE 3C x 1.5 SQMM ALUMINIUM PVC ARMOURED 1.1KV,METER,POWER CABLE,412.64
583,NTPC,Power,NT44490295,CBL 2CX25 MM2 AL XLPE UNARMOURED 11KV,MTRS,WIRE,363.35
255,BHEL,Heavy Engineering,9251/5837,erw pipe sch160 gallvd iron,MTS,TUBE,1784.97
651,BPCL,Oil & Gas,B-695354,CABLE 2C x 10 SQ MM x LPE UNARM 1.1KV,METER,CABLE,390.96
1162,ONGC,Oil & Gas,ON6823137,CBL 1CX4 SQ MM ALUMINIUM PVC ARMD 11KV,Metre,CABLE,147.42
850,GAIL,Oil & Gas,073446-G,CENTTRIF PUMP 5HP C.I.,PCS,PUMP ASSY,65417.34
1048,NTPC,Power,NT12641060,Ref Dwg Taper Roller Ber 22210 Zz,EACH,BRG,1816.47
212,HPCL,Oil & Gas,H96207100,WELDED PPIE 25MM SCH20 CS,METER,PIPE,399.61
100,CPCL,Oil & Gas,MAT6661889,make l&t roller bearing 2rs taper 6307,EACH,BALL/ROLLER BRG,467.98
657,GAIL,Oil & Gas,673290-G,plain washer m20 grade 8.8,EACH,HARDWARE,1.95
60,IOCL,Oil & Gas,498182992,TAPER ROLLLER BRG 6305,EACH,BEARINGS,1265.74
969,NTPC,Power,NT18664774,Cable 4C*2.5 Sqmm Alu *Lpe Armoured 11Kv,RMT,POWER CABLE,296.05
70,NTPC,Power,NT54990453,CHECK VALVE 150MM PN16 CAST RION SCREWED,Each,INDUSTRIAL VALVE,13172.12
142,NTPC,Power,NT20750110,gear pump 1hp,Each,PUMP,83900.44
852,SAIL,Steel,S029-2864,CENTRIFUGAL PUMP 5HP C.I.,EACH,PUMPING UNIT,70134.58
52,CIL,Mining,CIL515220,CBL 3CX1.5 SQ MM ALUMINIUM PVC ARM 1.1KV,MTR,CABLE,448.6
1129,CIL,Mining,CIL941079,check vlv 200mm cl300 stainless steel screwed,UNIT,ISOLATION VALVE,16158.63
473,NTPC,Power,NT08031499,SMLS PIPE 80MM SCH40 STAINLESS STEEL 316,MTS,TUBE,3541.62
183,ONGC,Oil & Gas,ON2330604,ZINC NUT 8.8 GRADE PLATED M20 HEx,EACH,FASTENERS,39.64
272,IOCL,Oil & Gas,813989098,PTFE GSKT 25MM CL300,EACH,GASKET,1475.93
621,BHEL,Heavy Engineering,6246/7287,C.STEEL 25HP GEAR PMP,EACH,PUMP,35673.38
1185,IOCL,Oil & Gas,376870580,ERW PIPE 50mm SCH160 CARBON STEEL,METER,PIPES,1725.15
1216,CPCL,Oil & Gas,MAT6509462,GEAR PUMP 1HP STAINLESS STL,No,PUMP ASSY,34584.18
590,CIL,Mining,CIL428679,MAKE FAG CHECK VALVE 200MM CL300 S.S. FLANGED,No,INDUSTRIAL VALVE,9322.34
790,BHEL,Heavy Engineering,9833/0677,CENTRIFUGAL PUMP 1HP CI,PCS,PUMP ASSY,45324.28
817,HPCL,Oil & Gas,H09860275,Roller Brg Nu309 Zz,EA,BEARING,1858.94
1022,BPCL,Oil & Gas,B-163971,SPIRAL CL150 80MM WOUND GSKT,No,GASKET,768.27
594,BHEL,Heavy Engineering,0452/3888,SEAMLESS PIPE 80mm SCH40 IRON REF DWG,METER,PIPING,3414.09
1164,CIL,Mining,CIL388287,STUD BOLT M24X25MM S.S. ZINC PLATED,PCS,BOLT & NUT,50.55
699,BHEL,Heavy Engineering,9808/5133,25HP PUMP CENTRIF C.STEEL,Each,PUMPING UNIT,77789.45
347,NTPC,Power,NT59096056,GST WOUND SPIRAL CL300,EACH,GASKETS,1259.41
108,BPCL,Oil & Gas,B-625324,ASTM A106 25MM CAF GSKT,Each,JOINTING,128.56
438,NTPC,Power,NT03339977,SPIRAL WOUND MM 25 CL150 MAKE L&T,EACH,SEAL,1215.4
1088,GAIL,Oil & Gas,880316-G,GALV STUD S.S. BOLT M20x20MM,Each,HARDWARE,36.14
398,ONGC,Oil & Gas,ON3472727,4CX16 3.3KV ALUMINIUM SQ. UNARMOURED MM CABLE PVC,Mtr,CABLES,243.85
184,GAIL,Oil & Gas,569998-G,Hex Nut M20 Grade 8.8 Zinc Plated,NOS,HARDWARE,41.14
1056,CIL,Mining,CIL672331,SEAMLESS PIPE 150MM SCH160 STAINLESS STL 304,METER,MS/CS PIPE,2001.06
932,BHEL,Heavy Engineering,8162/9108,WELDED PIPE 40MM SCH40 CS,MTS,PIPES,2623.04
295,BHEL,Heavy Engineering,6563/6004,STEEL FLG VALVE PN25 150MM CARBON GLOBE,NO,VLV,9114.75
109,HPCL,Oil & Gas,H06578759,Make Audco Caf Gskt 25Mm Cl150,EACH,GSKT,129.8
1243,IOCL,Oil & Gas,239567217,BALL VLV 150MM CL300 CS FLANGED,UNIT,VALVES,12967.7
317,BPCL,Oil & Gas,B-340848,SUBMERSIBLE PMP 1HP CARBON STEEL MAKE FAG,Each,PUMP,66072.92
328,ONGC,Oil & Gas,ON7086041,CS 2HP PMP GEAR,EACH,PUMP ASSY,59394.32
345,GAIL,Oil & Gas,466927-G,ROLLER BER 22210 ZZ,EACH,BRG,2183.84
230,BPCL,Oil & Gas,B-075452,ROLLER BRG 30210 2RS,NO,BEARINGS,928.52
487,IOCL,Oil & Gas,254837441,SPRING WASHER M12 4.6 PLAIN,EACH,BOLT & NUT,52.17
365,BPCL,Oil & Gas,B-031310,50MM GATE IRON VLV FLG CAST,UNIT,VALVE,2089.93
454,CIL,Mining,CIL673794,ASTM A106 WAFER 40MM CL150 CARBON VALVE BALL STEEL,EACH,ISOLATION VALVE,17467.59
130,ONGC,Oil & Gas,ON2166746,ERW PIPE 40MM SCH160 CARBON STEEL,METER,TUBE,407.1
1264,GAIL,Oil & Gas,959602-G,pump 10hp scrwe cast iron,NOS.,PUMPS,57407.08
66,CPCL,Oil & Gas,MAT5854973,CBL 3.5CX4 SQMM ALU XLPE ARMOURED 1.1KV,METER,WIRE,756.31
407,ONGC,Oil & Gas,ON0344694,submersible pmp 25hp astm a106,EACH,PUMPING UNIT,103483.64
451,SAIL,Steel,S512-0734,Gear Pmp 10Hp Ss,EA,PUMPS,69689.27
1042,BPCL,Oil & Gas,B-589041,UNARMD *LPE 1C*50 3.3KV CBL COPPER,METER,CABLE,755.7
1034,SAIL,Steel,S685-6977,SCH40 25MM 316 S.S. SMLS PIPE,MTR,MS/CS PIPE,1311.98
363,CPCL,Oil & Gas,MAT9885472,50MM C.I. CL300 GATE VLV FLANGED MAKE SKF,UNIT,VALVES,1810.26
446,BPCL,Oil & Gas,B-931647,BALL BEARING 51110 2RS,EACH,ANTI FRICTION BEARING,707.2
501,BHEL,Heavy Engineering,8103/9033,PTFE GSKT 150MM CL150,NOS.,JOINTING,1276.05
225,IOCL,Oil & Gas,980562656,taper bearing 6003 2rs,PCS,BALL/ROLLER BRG,1671.03
994,GAIL,Oil & Gas,704071-G,Plain Washer M6 Ss 316 Plain,EACH,BOLT & NUT,37.37
644,ONGC,Oil & Gas,ON0163564,REF DWG CHECK VLV 80MM CL150 STAINLESS STEEL WAFER,NOS,VALVE,1994.28
486,NTPC,Power,NT80752034,CBL 4CX25 SQMM COPPER PVC UNARMD 11KV,M,POWER CABLE,1010.36
500,SAIL,Steel,S214-3308,Ptfe Gasket 150Mm Cl150,EACH,JOINTING,1410.04
890,SAIL,Steel,S120-9281,welded pipe 25mm sch160 carbon steel,MTS,PIPING,1419.53
987,SAIL,Steel,S403-3480,ALLEN BOLT M20X65MM GRADE 8.8 ZIC PLATED,EACH,FASTENER,42.97
132,CIL,Mining,CIL890028,ERW PIPE 15MM SCH20 STAINLESS STEEL 316,METER,PIPES,2265.45
247,GAIL,Oil & Gas,954316-G,GEAR PUMMP CAST IRON,EACH,PUMPS,32492.76
706,ONGC,Oil & Gas,ON0677610,150 PTFE MM GASKTE PN16,EACH,SEAL,986.13
1245,SAIL,Steel,S341-8807,BALL VALVE 150mm CL300 CS FLANGED,NO,VLV,12522.02
336,CIL,Mining,CIL541022,GER PMP 2HP,EACH,PUMP ASSY,86834.58
693,ONGC,Oil & Gas,ON1722240,STEEL CARBON CL150 BUTTERFLY FLGD 100MM VALVE,EACH,VALVE,16141.78
1019,CPCL,Oil & Gas,MAT4662750,CBL 3.3KV 2CX10 PVC SQMM AL ARMOURED MAKE KIRLOSKAR,METER,CABLE,1148.14
178,SAIL,Steel,S051-4770,make fag gasket 80mm cl300 joint ring,EACH,SEAL,790.51
570,HPCL,Oil & Gas,H02300915,CABLE 1CX6 SQMM COPPER XLPE ARM 3.3KV,Metre,CABLE,308.36
685,IOCL,Oil & Gas,898959654,CENTRIFUGAL 10HP CARBON PMP STEEL,NO,PUMPING UNIT,43595.65
98,BPCL,Oil & Gas,B-523413,make fag taper roller bearing 6307,EACH,ANTI FRICTION BEARING,444.44
1138,IOCL,Oil & Gas,769680645,CI 50MM VALVE BALL PN25 FLANGED MAKE FAG,EACH,VALVE,3447.39
479,SAIL,Steel,S688-0925,roller 2rs 6003 ber,EACH,BEARING,501.69
12,SAIL,Steel,S835-6159,CBL 1C x 2.5 SQMM CU PVC ARM 3.3KV,RMT,WIRE,1141.1
634,NTPC,Power,NT40018167,SMLS PIPE 100 MM SCH160 STAINLESS STEEL 316,MTRS,PIPES,2633.08
929,HPCL,Oil & Gas,H06931963,10.9 20MM GRADE M10 STUD X BLACK BOLT,EA,FIXING,58.48
24,BHEL,Heavy Engineering,3341/2328,SUBMERSIBLE PUMP 5HP CARBON STEL,NOS,PUMP,60054.63
88,ONGC,Oil & Gas,ON7982507,MAKE KIRLOSKAR STEEL HEX BOLT M12X40MM STAINLESS BLACK 316,PCS,HARDWARE,56.52
207,IOCL,Oil & Gas,271286391,make kirloskar welded pipe 150mm sch40 carbon steel,METER,PIPING,2070.27
806,ONGC,Oil & Gas,ON0434741,Spherical Roller Brg 51110 2Rs,EACH,BRG,2517.73
309,GAIL,Oil & Gas,148727-G,CABLE 3CX35 SQMM AL PVC UNARMD 3.3KV,METER,ELECT CABLE,428.3
4,CPCL,Oil & Gas,MAT8248963,CAABLE 2CX50 SQMM CU XLPE UNARM 3.3KV ASTM A106,MTRS,ELECT CABLE,329.44
276,NTPC,Power,NT55474355,SEAMLESS PPIE 15 MM SCH160 STAINLESS STEEL 316 AS PER IS2062,METER,MS/CS PIPE,1956.82
271,CPCL,Oil & Gas,MAT1996636,PTFE GKT 25MM CL300,UNIT,SEAL,1282.05
143,BHEL,Heavy Engineering,1581/4491,gear pump 1hp c.steel,NO,PUMP,86748.9
25,BPCL,Oil & Gas,B-183242,SUBMERSIBLE PMP 5HP CS,EACH,PUMP ASSY,66163.76
476,ONGC,Oil & Gas,ON3749060,SEAMLESS PIPE 80MM SCH40 STAINLESS STEEL 316,Metre,TUBE,2967.26
1230,BHEL,Heavy Engineering,2492/2191,REF DWG CABLE 3C x 6 SQMM CU x LPE UNARMOURED 11KV,MTRS,POWER CABLE,525.0
622,SAIL,Steel,S613-3760,GEAR PMP 25HP CARBON STEEL,EA,PUMPS,45478.55
578,GAIL,Oil & Gas,405612-G,BALL VLV 80 MM CL300 STAINLESS STEEL FLG,EACH,VALVE,13683.06
903,CIL,Mining,CIL533998,CARBON SCREW STEEL 1HP PMP,EA,PUMPS,20144.49
655,CPCL,Oil & Gas,MAT8423394,gear pump 2hp c.i.,EACH,PUMP ASSY,34588.01
598,BPCL,Oil & Gas,B-491060,as per is2062 ring joint gskt 100mm cl150,EA,GASKET,1627.39
1242,ONGC,Oil & Gas,ON4999703,ROLLER BRG 6204,EACH,BEARING,454.95
55,GAIL,Oil & Gas,416169-G,CBL 3CX2.5 SQMM CU PVC UNARMD 1.1KV,RMT,WIRE,847.33
527,HPCL,Oil & Gas,H29016204,HEX PLAIN M16 STEEL 304 NUT STAINLESS,EA,FASTENERS,55.5
188,ONGC,Oil & Gas,ON2249998,CBL 1C x 50 SQ MM PVC UNARMD 1.1KV,METER,ELECT CABLE,991.06
252,IOCL,Oil & Gas,074276170,GEAR PMP 10HP CCAST IRON,EA,PUMPS,31545.98
887,CPCL,Oil & Gas,MAT1900002,Ref Dwg Weledd Pipe 25Mm Sch160 Cs,MTRS,PIPING,1349.65
755,HPCL,Oil & Gas,H59084194,ROLLER BER 6307 2RS,Each,BEARINGS,692.2
1017,HPCL,Oil & Gas,H79872873,CABLE 2CX10 SQMM AL PVC ARM 3.3KV,METER,WIRE,1136.09
614,CIL,Mining,CIL490531,SEAMLESS PIPE 15 MM SCH20 C.STEEL MAKE KIRLOSKAR,METER,MS/CS PIPE,2169.44
763,IOCL,Oil & Gas,726029254,HEx BOTL M12x20MM GRADE BLACK,NOS.,BOLT & NUT,16.09
1157,CPCL,Oil & Gas,MAT3016472,ROLLER 2RS 6305 BEARING,EACH,BRG,1730.8
997,BHEL,Heavy Engineering,7635/3673,PLAIN WASHER S.S. 316 PLAIN,EACH,HARDWARE,40.47
377,BHEL,Heavy Engineering,5724/4617,SPRING WASHER M6 S.S. 304 GALVANIZED,EA,FIXING,40.07
1155,CPCL,Oil & Gas,MAT0819714,BUTTERLY VLV 50MM PN16 C.STEEL SCREWED,EACH,VLV,2170.61
499,HPCL,Oil & Gas,H22182315,ptfe gkt 150mm cl150,EA,GASKET,1277.9
50,HPCL,Oil & Gas,H79473834,Cable 3Cx1.5 Al Pvc Arm 1.1Kv,MTS,CABLES,446.99
354,HPCL,Oil & Gas,H06092098,CENTRIF PMP 5HP STAINLESS STL,No,PUMP,5471.63
1215,IOCL,Oil & Gas,317936470,GEAR 1HP STAINLESS STL,EACH,PUMPS,36169.6
771,CPCL,Oil & Gas,MAT5049602,BALL BEARIGN 6204,NO,BEARINGS,2443.1
194,BPCL,Oil & Gas,B-321495,1.1KV CU UNARMD PVC CABLE SQ.MM 2Cx1.5 IS 1239,METER,WIRE,465.55
304,ONGC,Oil & Gas,ON7050249,gear pmp 1hp cast iron,Each,PUMPS,92485.57
541,IOCL,Oil & Gas,069176799,TAPER ROLLER BRNG 6206 2RS,UNIT,BRG,1510.9
289,SAIL,Steel,S027-3415,CL150 25MM GKT PTFE,UNIT,JOINTING,245.11
905,BPCL,Oil & Gas,B-827777,CBL 4C x 6 SQMM ALU PVC ARMOURED 11KV,METER,CABLES,549.1
1194,BHEL,Heavy Engineering,0822/7754,GLOBE VLV 25MM PN25 STAINLESS STEEL FLANGED,No,VALVE,12516.55
62,BHEL,Heavy Engineering,9532/7877,STEEL STAINLESS CENTRIFUGAL PUMP MAKE AUDCO,EACH,PUMPING UNIT,48336.61
163,SAIL,Steel,S577-8487,make kirloskar sqmm 3.3kv unarmoured coppre cable 4cx50 pvc,MTRS,POWER CABLE,759.15
915,GAIL,Oil & Gas,676718-G,HE x BOLT M16 x 20MM SS PLAIN,EACH,FASTENER,23.13
280,BHEL,Heavy Engineering,1332/5411,SPRING WASHER M8 GRADE 4.6 GALV,EACH,HARDWARE,30.93
688,CIL,Mining,CIL963595,MAKE FAG GGATE VLV 100 MM CL150 SS SCREWED,Each,ISOLATION VALVE,3023.16
67,NTPC,Power,NT65240415,CBL 3.5CX4 SQMM ALUMINIUM XLPE ARMD 1.1KV,Mtr,ELECT CABLE,810.36
1175,BHEL,Heavy Engineering,7904/9915,roller zz 6003 ber taper make polycab,EACH,BRG,390.67
858,GAIL,Oil & Gas,096856-G,STUD BOLT M12x80MM GRADDE 4.6 PLAIN,NO,FASTENER,50.2
539,HPCL,Oil & Gas,H92024617,TAPER ROLLER BEARING 6206 2RS,EACH,BRG,1893.12
774,BPCL,Oil & Gas,B-933324,SPIRAL WOUND AGSKET 50 MM CL150,EACH,GASKETS,837.0
609,BPCL,Oil & Gas,B-815542,GR. 8.8 BLACK HEX NUT,PCS,BOLT & NUT,41.29
875,NTPC,Power,NT48993005,PTFE GASKET 50MM PN16,EACH,GSKT,141.29
967,SAIL,Steel,S565-9950,he x nut m16 gr 10.9 black,EACH,FASTENERS,29.38
320,GAIL,Oil & Gas,948491-G,MAKE FAG TAPER ROLLER BER 6204,UNIT,BRG,346.25
321,IOCL,Oil & Gas,396727578,taper bearing 6204,NOS.,BRG,340.72
1126,HPCL,Oil & Gas,H01617344,HE* BOLT M16*20MM GRADE 4.6 ZINC PLATED,No,FASTENER,27.18
658,CIL,Mining,CIL964260,PLAIN WASHER M20 GRADE 8.8 GALVD,EACH,FIXING,1.92
54,CPCL,Oil & Gas,MAT4303054,CABLE 3CX2.5 SQ.MM COPPER PVC UNARM,Metre,CABLE,970.32
240,ONGC,Oil & Gas,ON5294563,GLOBE VLV 150MM CL150 SS FLG,PCS,ISOLATION VALVE,14056.51
1234,HPCL,Oil & Gas,H25426541,100MM CAST IRON GATE FLANGED VLV REF DWG,EACH,VLV,2138.04
1251,BPCL,Oil & Gas,B-743256,ARMOURED CU LPE CBL x 3.3KV x MM SQ 3.5C 10 IS 1239,MTR,CABLES,1063.66
977,BPCL,Oil & Gas,B-205802,ALLEN BOLT M24X40MM GADE 10.9 BLACK,No,BOLT & NUT,26.08
93,IOCL,Oil & Gas,613407451,SUBMERSIBLE PMP 15HP C.I.,EACH,PUMPS,50974.79
551,ONGC,Oil & Gas,ON3783063,MAKE POLYCAB SPHERICLA ROLLER BEARING 6003 2RS,EACH,BALL/ROLLER BRG,2422.81
1025,ONGC,Oil & Gas,ON7376242,SEAMLESS PIPE 80MM SCH160 STEEL 316 MAKE SKF,MTR,TUBE,1563.96
246,GAIL,Oil & Gas,765612-G,CABLE 3.5CX50 SQ MM CU XLPE ARMOURED 11KV,Metre,ELECT CABLE,579.74
330,HPCL,Oil & Gas,H61768802,CABLE 3.5Cx2.5 SQ MM CU xLPE ARMD 1.1KV,M,CABLE,771.32
131,GAIL,Oil & Gas,902771-G,REF DWG ERW 40MM SCH160 CARBON STEEL,Mtr,TUBE,408.08
392,CPCL,Oil & Gas,MAT0978875,ERW PIPE 15MM SCH160 CARBON STEEL,MTR,MS/CS PIPE,1752.51
134,ONGC,Oil & Gas,ON4885102,PTFE GKT 100MM CL150,PCS,SEAL,125.52
749,GAIL,Oil & Gas,191530-G,HEX NUT M10 STAINLESS STEEL 304 GALVANIZED AS PER IS2062,NOS.,FASTENER,31.59
193,GAIL,Oil & Gas,915701-G,COPPER SQMM UNARM 2C*1.5 PVC CABLE 1.1KV,MTR,CABLE,397.63
1263,IOCL,Oil & Gas,414850275,10HP CAST SCREW PMP IRON,EA,PUMPS,62614.33
159,NTPC,Power,NT92086780,GLOBE VLV 200MM CL150 CAST IRON FLANGED,EACH,VALVES,2388.4
534,IOCL,Oil & Gas,413297150,IRON 25HP SCREW CAST PMP,Each,PUMPING UNIT,24045.02
37,BHEL,Heavy Engineering,6120/0471,304 Plain M6X100Mm Allen S.S. Bolt,UNIT,BOLT & NUT,55.3
361,SAIL,Steel,S591-0300,GAE VLV 100MM CL150 STAINLESS STEEL WAFER MAKE KIRLOSKAR,EACH,VALVE,17745.46
694,NTPC,Power,NT95668448,S.S. HE BOLT PLAIN x 304 x M12 100MM,EA,FASTENER,44.79
1009,BPCL,Oil & Gas,B-173033,ERW PIPE 40mm SCH80 G.I.,METER,PIPES,2016.23
217,SAIL,Steel,S406-3356,25MM SCH20 WELDED PIPE C.STEEL,METER,PIPING,483.75
616,NTPC,Power,NT26203708,PPE SEAMLESS SCH20 15MM C.STEEL,RMT,TUBE,2788.67
241,BHEL,Heavy Engineering,6853/6649,150mm welded pipe sch20 304 ss,METER,TUBE,1014.43
810,ONGC,Oil & Gas,ON1840398,PMUP C.I. CENTRIFUGAL,EACH,PUMPING UNIT,48875.36
647,BHEL,Heavy Engineering,2987/6989,ROLLER SPHERICAL ZZ BEARING 6205,No,BEARINGS,2346.94
1135,BHEL,Heavy Engineering,6852/2476,BALL VLV 50MM PN25 CAST IRON FLG,Each,VALVE,3278.29
835,BHEL,Heavy Engineering,9442/3860,STUD BOLT M6X25MM GR. 8.8 PLAIN,EACH,FASTENER,59.66
870,BPCL,Oil & Gas,B-409841,SPRING PLAIN 316 M24 S.S.,NOS.,FASTENER,56.68
689,ONGC,Oil & Gas,ON6631138,GATE VALVE 100MM CL150 STAINLESS STEEL SCREWED,NOS.,INDUSTRIAL VALVE,2429.82
800,CPCL,Oil & Gas,MAT8821597,check vlv 50mm cl300 c.steel wafer,Each,INDUSTRIAL VALVE,1796.27
192,IOCL,Oil & Gas,384215031,UNARMD SQMM 1.1KV CABLE 2Cx1.5 COPPER PVC,MTRS,POWER CABLE,405.98
73,GAIL,Oil & Gas,567661-G,BALL BEARING 2RS MAKE FAG,EA,ANTI FRICTION BEARING,569.65
308,HPCL,Oil & Gas,H05057397,CABLE ALUMINIUM 3.3KV UNARMOURED 3CX35 MM2 PVC,RMT,POWER CABLE,580.37
374,ONGC,Oil & Gas,ON2872324,HE* NUT M6 GRADE 10.9 ZINC PLATED,NOS,FIXING,61.86
854,SAIL,Steel,S092-3351,2HP SUBMERSIBLE PUMP CI,Each,PUMPING UNIT,69376.58
554,SAIL,Steel,S543-7347,c.steel submersible 2hp,EACH,PUMP ASSY,8340.22
624,BPCL,Oil & Gas,B-821417,GEAR PMP CARBON STEEL,NOS,PUMP ASSY,43795.47
351,IOCL,Oil & Gas,111096179,CENT PMP 5HP STAINLESS STL,EACH,PUMP,6891.69
783,SAIL,Steel,S564-6160,316 100mm seamless sch40 ppe ss,MTS,PIPE,1063.77
720,SAIL,Steel,S001-0898,CBL 4CX4 MM2 COPPER PVC ARMOURED 3.3KV,Mtr,WIRE,749.21
561,ONGC,Oil & Gas,ON8283230,SCH40 PIPE 150MM SEAMLESS GALVANIZED RION,METER,PIPE,1592.95
84,CIL,Mining,CIL956046,CECK VLV 200MM CL300 STAINLESS STL WAFER,No,ISOLATION VALVE,5965.44
154,ONGC,Oil & Gas,ON2138658,BALL VLV 40MM CL300 STAINLESS STEEL WAFER,NO,VLV,11467.51
748,NTPC,Power,NT85076653,HEx NUT S.S. 304 GALV,NO,BOLT & NUT,28.84
254,GAIL,Oil & Gas,045018-G,ERW PIPE 100MM SCH160 GALVANIZED IRON,METER,PIPES,1695.11
263,ONGC,Oil & Gas,ON0156193,BALL BER 6205 ZZ,EACH,BALL/ROLLER BRG,1771.91
206,ONGC,Oil & Gas,ON3911192,taper roller brng 6305 zz,EACH,BALL/ROLLER BRG,1431.02
325,NTPC,Power,NT56053134,GEAR PMP 2HP CS,EACH,PUMPS,64013.79
930,NTPC,Power,NT31234388,roller bearing nu309,EACH,ANTI FRICTION BEARING,1037.99
384,IOCL,Oil & Gas,342967111,make skf seamless pipe 50mm sch160 stainless tseel 304,MTR,MS/CS PIPE,1371.2
18,SAIL,Steel,S193-7452,Cbl 1C X 25 Sq.Mm Cu X Lpe Unarmd 1.1Kv,MTRS,ELECT CABLE,1049.68
260,NTPC,Power,NT76789973,BALL BRNG 6205 ZZ,EACH,BEARING,2302.95
640,CIL,Mining,CIL851699,CBL 3.5CX50 MM2 AL PVC UNARM 11KV,METER,ELECT CABLE,593.5
119,BPCL,Oil & Gas,B-024629,PTFE GASKET CL150,EACH,JOINTING,73.14
1270,NTPC,Power,NT24256600,BUTTERFLY VLV 150MM PN25 CAST FLG,EACH,VALVES,9700.4
1012,BPCL,Oil & Gas,B-669926,SPIRAL WOUND 150 MM CL150,No,GASKET,1735.82
268,GAIL,Oil & Gas,539989-G,1Cx4 CU 1.1KV xLPE UNARMOURED SQ.mm CBL,Mtr,ELECT CABLE,1042.5
8,BHEL,Heavy Engineering,2475/1079,Stainless M6 Nut 316 Galv Hex Stl,EACH,HARDWARE,49.09
185,SAIL,Steel,S266-5702,cable 1cx50 sqmm cu pvc 1.1kv,MTRS,WIRE,1266.57
99,IOCL,Oil & Gas,376137918,TAPER ROLLER BEARING 6307 2RS,Each,BEARING,435.94
985,HPCL,Oil & Gas,H64196789,ALLEN BOLT M20X65MM GR 8.8 ZINC PLATED,EACH,BOLT & NUT,32.97
889,IOCL,Oil & Gas,437019453,WELDED PIPE 25MM SCH160,M,PIPING,1300.09
391,SAIL,Steel,S536-9026,REF DWG ERW 15MM SCH160 CARBON STEEL,METER,MS/CS PIPE,1698.48
937,IOCL,Oil & Gas,556192767,UNARMD 2CX10 ALUMINIUM SQ.MM 3.3KV PVC CBL,MTS,ELECT CABLE,737.54
993,ONGC,Oil & Gas,ON5232855,RING JOINT 150MM CL300 GASKET,No,GSKT,409.17
239,CPCL,Oil & Gas,MAT6556503,welded 15mm sch40 stainless steel 316,METER,PIPE,3024.75
741,BHEL,Heavy Engineering,8486/4708,SPRING WASHER M10 STAINLEESS STEEL 316 ZINC PLATED,EACH,BOLT & NUT,37.32
883,CPCL,Oil & Gas,MAT8437699,SUBMERSSIBLE PMP C.I.,No,PUMP,18786.95
281,SAIL,Steel,S911-0065,SPRRING WASHER M8 GRADE 4.6 GALVD,EACH,HARDWARE,36.88
581,GAIL,Oil & Gas,925081-G,CABLE 2C*25 SQ.mm ALU *LPE UNARMOURED 11KV ASTM A106,METER,CABLES,359.04
805,BPCL,Oil & Gas,B-629805,spherical roller brng 51110,EACH,BALL/ROLLER BRG,2260.51
401,NTPC,Power,NT10835832,plated gr 4.6 m12 plain zinc washer,No,FIXING,11.1
344,BPCL,Oil & Gas,B-752421,22210 BER ZZ ROLLER,EACH,BEARING,1897.97
862,IOCL,Oil & Gas,734985297,GEAR PMP CI AS PER IS2062,No,PUMP ASSY,61130.22
963,NTPC,Power,NT40420767,3.3KV CABLE UNARMOURED XLPE ALUMINIUM 3CX35 SQMM,MTS,ELECT CABLE,672.78
627,BHEL,Heavy Engineering,0564/2045,PLATED WASHER ZINC 4.6 GR M16 SPRING,Each,HARDWARE,58.65
869,ONGC,Oil & Gas,ON0161259,SPRING WASHER M24 STAINLESS 316 PLAIN,No,FASTENER,50.98
540,GAIL,Oil & Gas,332584-G,2RS RLLER 6206 BEARING TAPER,UNIT,BALL/ROLLER BRG,1930.13
264,IOCL,Oil & Gas,771199180,BALL BRG 6205 ZZ,EACH,BEARING,1726.44
885,IOCL,Oil & Gas,158286304,10HP C.I. SUBMERSIBLE,NOS.,PUMPS,19720.24
227,CPCL,Oil & Gas,MAT0494787,taper rollr brng 6003 2rs,Each,ANTI FRICTION BEARING,1561.48
1253,SAIL,Steel,S618-4553,80MM GASKET PTFE CL150,EACH,GASKETS,1483.13
94,BHEL,Heavy Engineering,3253/6729,304 PIPE SCH40 SEAMLESS 150MM SS,METER,PIPES,2332.31
792,CPCL,Oil & Gas,MAT9221704,CENTRIFUGAL PUMP 1HP CI,NOS,PUMPING UNIT,51322.09
669,HPCL,Oil & Gas,H69475769,PTFE GSKT 80 MM CL300,EACH,JOINTING,121.41
288,CIL,Mining,CIL337363,PTFE GKT 25MM CL150,EACH,GASKETS,273.3
950,SAIL,Steel,S651-1861,MAKE KIRLOSKAR AL CBL 11KV 3Cx16 SMM xLPE,RMT,ELECT CABLE,1058.8
139,CPCL,Oil & Gas,MAT2281606,CENT PUMP 10HP STAINLESS STL,EA,PUMP,94448.09
512,HPCL,Oil & Gas,H72742049,WELDED PIPE 40MM SCH40 GI,Mtr,MS/CS PIPE,192.09
895,BHEL,Heavy Engineering,9296/5685,ring joint gaskt 100mm pn16,EA,JOINTING,110.9
727,IOCL,Oil & Gas,837727028,MAKE AUDCO SPIRAL WOUND GKT 25mm PN16,EACH,GASKETS,478.83
416,NTPC,Power,NT15026755,ALLEN BOLT M24 X 40MM GR 8.8 PLAIN,EACH,BOLT & NUT,42.58
1145,BHEL,Heavy Engineering,4473/3878,MAKE KIRLOSKAR ERW PIPE 50 MM SCH20 STAINLESS STEEL 316,M,MS/CS PIPE,2639.31
1152,BPCL,Oil & Gas,B-758856,CBL 2Cx35 SQ.MM xLPE UNARMOURED 3.3KV,METER,ELECT CABLE,93.08
868,GAIL,Oil & Gas,948112-G,SPRING WASHER M24 STANILESS STEEL 316 PLAIN,NOS.,HARDWARE,47.16
813,HPCL,Oil & Gas,H04722053,NU309 BALL BEARING,NO,ANTI FRICTION BEARING,1459.21
714,CPCL,Oil & Gas,MAT7256222,plain washer m16 gr. 4.6 zinc plated as per is2062,No,HARDWARE,21.46
672,NTPC,Power,NT18452354,geear pmp 15hp carbon steel,No,PUMP ASSY,38030.85
494,GAIL,Oil & Gas,563353-G,GEAR STAINLESS STEEEL 7.5HP PUMP,UNIT,PUMP ASSY,62411.11
1142,HPCL,Oil & Gas,H66325673,make fag steel 50mm 316 pipe sch20 stainless erw,METER,PIPES,2682.74
934,CIL,Mining,CIL295867,wleded steel 40mm pipe carbon,M,PIPE,3022.06
1127,ONGC,Oil & Gas,ON1001707,HEX BOLT M16X20 MM 4.6 ZINC PLATED,EACH,HARDWARE,30.6
409,CIL,Mining,CIL754858,SUBMERSIBLE PUMP 25HP CARBON STEL,Each,PUMP ASSY,88344.96
927,HPCL,Oil & Gas,H85738385,WELDED PIPE 15MM SCH80 SS 316 MAKE AUDCO,RMT,PIPE,1270.17
149,CPCL,Oil & Gas,MAT5779082,submersible pump 10hp stainless stl,PCS,PUMPING UNIT,40430.83
649,SAIL,Steel,S860-6739,ZZ SPHERICAL ROLLER 6205 BER,NOS,BRG,2136.61
432,CPCL,Oil & Gas,MAT3710068,STUD BOLT M24*50mm GR 8.8 BLACK AS PER IS2062,No,FASTENERS,68.38
1123,HPCL,Oil & Gas,H96227238,CAF GASKET 100MM CL300,NOS,GASKET,192.84
931,BHEL,Heavy Engineering,4431/8343,cbl 1cx10 sq.mm aluminium xlpe unarmd 11kv,METER,CABLE,207.42
709,NTPC,Power,NT59946418,CABLE 4C X 4 MM2 ALUMINIUM PVC ARMOUURED 11KV MAKE SKF,RMT,WIRE,378.21
518,SAIL,Steel,S517-5889,CABLE 2CX6 SQMM ALU PVC ARMD 3.3KV,Metre,ELECT CABLE,564.56
936,SAIL,Steel,S521-4107,CABLE 2CX10 SQMM AL PVC UNARM 3.3KV,MTRS,CABLE,711.6
843,BHEL,Heavy Engineering,3961/2190,BALL BEARIING 30205 MAKE SKF,EACH,BEARINGS,629.28
394,SAIL,Steel,S021-2886,CABLE SQMM COPPER PVC UNARM 3.3KV,Metre,ELECT CABLE,366.16
566,BHEL,Heavy Engineering,8363/8164,STAINLESS SCH160 150MM 316 ELDED STEEL,MTS,PIPES,2577.16
153,NTPC,Power,NT44869594,40MM WAFER CL300 SS BALL,EA,ISOLATION VALVE,10357.38
703,CIL,Mining,CIL524383,Mm Ptfe Pn16 Gskt 150,NO,GASKET,819.5
213,IOCL,Oil & Gas,927914560,WELDED PIPE 25 MM SCH20 CS MAKE KIRLOSKAR,METER,PIPE,486.64
804,HPCL,Oil & Gas,H30491341,CHECK VLV 50MM CL300 CS WAFER,EACH,INDUSTRIAL VALVE,1864.63
314,CIL,Mining,CIL596263,MAKE SKF SPHERICAL ROLLER BRNG 6003,NOS,BALL/ROLLER BRG,1985.29
728,GAIL,Oil & Gas,975358-G,SPIRAL OUND GASKET 25MM PN16,EACH,GASKET,485.04
1249,SAIL,Steel,S044-3073,CBL 3.5C X 10 SQ.MM CU X LPE ARMD 3.3KV,MTRS,ELECT CABLE,1030.22
273,GAIL,Oil & Gas,564111-G,CL300 PTFE GKT 25MM,EA,GSKT,1407.18
760,CPCL,Oil & Gas,MAT5167586,RIG JOINT GSKT 150MM CL150,PCS,GASKET,941.42
654,BHEL,Heavy Engineering,9928/5535,MAKE POLYCAB ERW PIPE 100MM SCH40 S.S. 316,MTRS,TUBE,2939.96
1020,ONGC,Oil & Gas,ON6806014,SPIRAL WOUND GKT 80MM CL150 REF DWG,PCS,GASKETS,718.59
1071,NTPC,Power,NT29355459,REF DWG RING JOINT GKT 80mm PN16,NOS.,GASKETS,1242.7
702,BPCL,Oil & Gas,B-117972,welded pie 25mm sch40 stainless steel 316,METER,MS/CS PIPE,2486.72
662,BHEL,Heavy Engineering,2030/4232,STAINLESS SCREW 15HP STL PMP IS 1239,EACH,PUMP,21074.77
1089,IOCL,Oil & Gas,671520771,pipe erw sch80 50mm c.steel,METER,MS/CS PIPE,559.1
1027,CPCL,Oil & Gas,MAT7422983,Smls 80Mm Sch160 Stainless Steel 316 Ref Dwg,Mtr,TUBE,1859.6
1211,SAIL,Steel,S305-4849,PTFE GSSKT 100MM,PCS,GASKETS,1190.31
724,SAIL,Steel,S532-6011,SMLS PIPE 40MM SCH80 STAINLESS STEEL 316 IS 1239,RMT,PIPE,2979.54
1212,BHEL,Heavy Engineering,5488/0510,gear pmp 1hp stainless steel,NO,PUMP,39006.7
43,CIL,Mining,CIL120183,BUTTERFLY VALVE 25MM C.I. FLANGED,EA,VLV,7577.26
538,NTPC,Power,NT45593766,brg 6205 ball ref dwg,EACH,BEARING,1054.59
1041,NTPC,Power,NT99654662,CABLE 1Cx50 SSQMM COPPER xLPE UNARM 3.3KV,RMT,ELECT CABLE,781.31
229,ONGC,Oil & Gas,ON4518952,AL 11KV SQ.MM 3.5Cx10 CABLE UNARMD xLPE,M,POWER CABLE,1091.84
222,GAIL,Oil & Gas,924243-G,CBL 2CX4 SQMM CU PVC ARMOURED 1.1KV,Mtr,POWER CABLE,1284.92
161,HPCL,Oil & Gas,H75455884,CBL 3C X 25 SQ.MM COPPER PVC ARMOURED 11KV,Metre,CABLE,640.4
40,NTPC,Power,NT17711592,MAKE POLYCAB GEAR PMP 10HP CS,UNIT,PUMP ASSY,41750.31
495,BHEL,Heavy Engineering,9933/7970,GEAR PUMP 7.5HP STAINLESS STEEL,EACH,PUMPS,74452.8
489,CPCL,Oil & Gas,MAT3737927,Spring Washer M12 Grade 4.6 Lpain,EACH,FIXING,51.82
388,CPCL,Oil & Gas,MAT0149542,SMLS PIE 25 MM SCH40 GALVANIZED IRON,RMT,MS/CS PIPE,634.1
1114,HPCL,Oil & Gas,H91990821,SPRING WASHER M6 STAINLESS STL GALVANIZED,No,FASTENER,60.38
182,HPCL,Oil & Gas,H05664742,Hex Nut M20 Gr 8.8 Zinc Plated,NO,FASTENERS,35.67
397,HPCL,Oil & Gas,H76741241,SQMM CBL ALUMINIUM 3.3KV PVC UNARM,RMT,CABLE,288.7
113,BPCL,Oil & Gas,B-676267,make l&t cbl 3c*16 sqmm cu pvc armoured 11kv,MTR,CABLE,1342.45
506,BPCL,Oil & Gas,B-370096,Taper Roller Ber 22210,NOS.,BEARINGS,205.0
526,SAIL,Steel,S303-9111,HEx NUT M20 SS 316 BLACK,UNIT,FASTENERS,15.61
179,NTPC,Power,NT57981238,NUT GR HEx 8.8 M20 ZINC,Each,FASTENER,39.86
332,IOCL,Oil & Gas,269450053,2.5 mm LPE x 3.5C CBLE COPPER ARM 1.1KV SQ x IS 1239,RMT,POWER CABLE,882.4
503,CIL,Mining,CIL576927,11Kv Aluminium Cbl Sqmm Xlpe 3.5Cx1.5 Unarmoured,M,ELECT CABLE,1074.81
76,SAIL,Steel,S870-5685,ERW PIPE 25MM SCH80 STAINLESS STEEL 304,RMT,PIPING,3460.06
414,CPCL,Oil & Gas,MAT2406424,ALLEN BOLT M24 x 40MM GRAED 8.8 PLAIN,EACH,FASTENERS,43.09
1161,BPCL,Oil & Gas,B-232210,ROLLR BER 6305 2RS,EACH,BRG,1603.28
849,ONGC,Oil & Gas,ON3186830,Centrif Pump 5Hp Cast Iron,EACH,PUMP ASSY,67204.18
625,SAIL,Steel,S011-9292,SPRING WASHER M16 GR 4.6 ZINC PLATED,No,BOLT & NUT,61.71
1201,BPCL,Oil & Gas,B-877449,CABLE SQmm AL 3.3KV 3C*25 PVC ARM,METER,CABLE,544.74
980,SAIL,Steel,S038-0351,ERW PIPE 100MM STAINLESS STEEL 304,METER,MS/CS PIPE,240.63
778,IOCL,Oil & Gas,218834581,ERW PIPE 40mm SCH80 STAINLESS STL 316,RMT,PIPES,661.76
126,NTPC,Power,NT35421689,SPHERICAL ROLLER BEARING 6305 ZZ,NOS,BEARINGS,2121.81
71,IOCL,Oil & Gas,187851910,BALL BRG 30205 2RS,PCS,BALL/ROLLER BRG,554.56
1176,NTPC,Power,NT97155793,SMLS IPE 80MM SCH20 GALVANIZED IRON,METER,TUBE,1733.83
884,CIL,Mining,CIL536915,make polycab 10hp submersible c.i. pmp,EA,PUMPING UNIT,19377.38
1077,ONGC,Oil & Gas,ON7837568,BALL BRNG 51110 ZZ,Each,BRG,1247.76
475,GAIL,Oil & Gas,022939-G,Seamless Pipe Sch40 Stainless Stl 316,MTRS,PIPING,2925.71
957,GAIL,Oil & Gas,715675-G,submersible pump 2hp s.s.,EACH,PUMPING UNIT,21536.67
1098,CPCL,Oil & Gas,MAT5445847,SMLS PIPE 80MM SCH40 C.STEEL,Mtr,PIPING,2701.04
348,BHEL,Heavy Engineering,1654/2356,CL300 GASKET OWUND SPIRAL 50MM,EACH,GASKET,1312.14
848,HPCL,Oil & Gas,H94036640,CENTRIFUGAL PUMP 5HP CAST IRON,NOS.,PUMP ASSY,61874.72
83,IOCL,Oil & Gas,619431142,Check Vlv 200Mm Cl300 S.S. Wafer,Each,ISOLATION VALVE,5732.21
740,HPCL,Oil & Gas,H47868623,HE x NUT M12 STAINLESS STEEL 304 PLATED,EACH,HARDWARE,6.95
1134,NTPC,Power,NT94779500,check valve 200mm cl300 s.s. screwed,EA,VLV,14067.06
157,CIL,Mining,CIL163356,HE X NUT M12 GRADE 4.6 GALVANIZED,NOS,BOLT & NUT,36.55
882,HPCL,Oil & Gas,H89860610,SUBMERSIBLE 10HP CAST IRON,EACH,PUMPS,19723.26
10,BPCL,Oil & Gas,B-232260,COPPER ARMOURED PVC 1Cx2.5 3.3KV CBL SQMM,Metre,WIRE,1129.85
341,IOCL,Oil & Gas,383034199,make kirloskar roller bearing zz,NOS,BRG,2375.04
290,ONGC,Oil & Gas,ON6907826,taper roller beearing 30210 make polycab,No,ANTI FRICTION BEARING,1635.71
564,NTPC,Power,NT70867009,SMLS PIPE 150MM SCH40 GALVANIZED IRON AS PER IS2062,METER,PIPING,1229.4
612,CPCL,Oil & Gas,MAT6694703,REF DWG SCH20 CS 15 SMLS PIPE MM,METER,PIPING,2668.72
738,BHEL,Heavy Engineering,6903/2655,STAINLESS PLATED M12 304 NUT HEX ZINC STEEL,EACH,FASTENERS,6.81
958,CPCL,Oil & Gas,MAT0450566,2HP SUBMERSIBLE STAINLESS STL PMP,EACH,PUMPING UNIT,27467.44
294,BPCL,Oil & Gas,B-291603,Flanged Globe Vlv C.Steel 150Mm Pn25,EACH,VLV,8528.42
998,HPCL,Oil & Gas,H09742749,PLAIN STL PLAIN STAINLESS M6 316 IS 1239,EACH,FASTENERS,30.65
1026,HPCL,Oil & Gas,H52731172,SEAMLESS PIPE 80MM SCH160 STAINLESS STL 316 MAKE FAG,METER,PIPE,1854.11
1143,BPCL,Oil & Gas,B-866073,make audco erw pipe 50 mm sch20 stainless steel 316,Mtr,MS/CS PIPE,2279.59
275,SAIL,Steel,S582-3868,GKT 25MM CL300 PTFE,PCS,GASKETS,1580.31
1083,IOCL,Oil & Gas,690222097,PIPE 40MM C.STEEL SMLS SCH80,MTS,PIPES,1076.86
1013,NTPC,Power,NT99626377,SPIRAL WOUND GSKT 150MM CL150,NOS,GASKETS,1743.79
1063,CPCL,Oil & Gas,MAT5842330,SMLS PIPE 50MM SCH40 CAROBN STEEL,METER,PIPES,1224.37
1100,BPCL,Oil & Gas,B-186244,Armoured Pvc Cbl 1.1Kv Sqmm Aluminium 2C*25 Astm A106,METER,ELECT CABLE,1358.56
1173,HPCL,Oil & Gas,H63659727,submersible pump 25hp s.s.,PCS,PUMPS,63218.97
588,IOCL,Oil & Gas,386767382,FLG VLV STAINLESS CL300 STEEL 200MM CHECK,UNIT,VALVES,7253.47
127,IOCL,Oil & Gas,260332309,spherical roller brg 6305 zz,EACH,BEARINGS,2031.37
1240,HPCL,Oil & Gas,H11493310,Ring Joint 25Mm Cl300,EACH,GASKETS,150.87
1005,HPCL,Oil & Gas,H60221690,1.1KV 50 AL x 4C UNARM CABLE x MM2,Metre,CABLES,638.89
144,CPCL,Oil & Gas,MAT3682223,PMP C.STEEL GEAR 1HP MAKE SKF,NO,PUMPING UNIT,74999.07
378,GAIL,Oil & Gas,902517-G,316 80mm erw stainless sch40 stl pipe,METER,TUBE,445.69
656,BPCL,Oil & Gas,B-451100,WASHER GRADE M20 PLAIIN GALVD,EACH,FASTENERS,2.02
674,IOCL,Oil & Gas,913681720,SUBMERSIBLE PMP 7.5HP C.STEEL,NOS,PUMPS,80461.74
636,CPCL,Oil & Gas,MAT9728339,Cable 3.5Cx50 Sqmm Aluminium Pvc Unarmd 11Kv,MTRS,CABLES,784.65
892,BPCL,Oil & Gas,B-324659,RING JOINT GASKET 100MM PN16,PCS,GASKET,125.79
1200,IOCL,Oil & Gas,766342083,CABLE 3C X 25 SQMM ALUMINIUM PVC ARMOURED 3.3KV,METER,ELECT CABLE,580.85
286,IOCL,Oil & Gas,534735528,BER 30210 ROLLER,EA,BEARING,2193.44
700,ONGC,Oil & Gas,ON1918548,CENTRF PMP 2HP CARBON STEEL,Each,PUMP,50467.03
1024,CPCL,Oil & Gas,MAT4354978,SPIRAL WOUND GSKT 80MM CL150,EACH,GASKETS,623.74
17,BHEL,Heavy Engineering,0656/2729,PTFE GSKT 100MM PN16,PCS,JOINTING,1424.5
257,BPCL,Oil & Gas,B-722601,ERW PIPE 50MM SCH80 GALVANIZED IRON,Metre,PIPE,395.06
722,NTPC,Power,NT24883971,REF DWG 4CX4 SQMM COPPER 3.3KV CABLE ARM PVC,METER,CABLE,766.98
1151,IOCL,Oil & Gas,932850719,CABLE 2C x 35 SQMM AL x LPE UNARMOURED 3.3KV,METER,CABLES,84.46
95,SAIL,Steel,S751-8636,SEAMLESS PIPE 150MM SCH40 STAINLESS 304,Mtr,PIPE,2224.94
807,CPCL,Oil & Gas,MAT2025999,AS PER IS2062 2RS BEARING ROLLER 51110 SPHERICAL,PCS,BALL/ROLLER BRG,2159.8
984,IOCL,Oil & Gas,411486267,ALLEN BOLT M20X65MM GRDE 8.8 ZINC PLATED,UNIT,HARDWARE,35.5
515,CPCL,Oil & Gas,MAT0508018,Weelded Pipe 40Mm Sch40 Gi,MTRS,PIPING,236.95
1220,BPCL,Oil & Gas,B-359958,S.S. 316 150MM SCH160 SEAMLESS PIPE,METER,MS/CS PIPE,2402.41
788,CPCL,Oil & Gas,MAT8844370,ALLEN BOLT M6X50MM GR 10.9 ZINC,EACH,HARDWARE,62.33
886,BPCL,Oil & Gas,B-153926,submersible pump ci,UNIT,PUMPS,20948.23
970,SAIL,Steel,S178-9559,CABLE 4Cx2.5 SQ.MM AL ARMOURED 11KV MAKE L&T,METER,CABLES,310.74
762,HPCL,Oil & Gas,H65467720,Ref Dwg Spiral Wound Gasket 100Mm Cl300,EA,SEAL,518.64
818,CPCL,Oil & Gas,MAT8965583,Roller Earing Zz Nu309,NOS,BEARING,1681.4
921,BHEL,Heavy Engineering,9753/7405,SCH20 STEEL 304 ERW PIPE STAINLESS,METER,TUBE,1477.61
1006,BPCL,Oil & Gas,B-657351,Cable 4Cx50 Sqmm Aluminium Xlpe Unarmd 1.1Kv Make Polycab,METER,CABLE,704.14
820,IOCL,Oil & Gas,587905224,stud m24 x 40mm stainless steel 304 black,NO,FASTENER,12.09
901,NTPC,Power,NT84019027,PUMP CS 1HP SCREW MAKE AUDCO,NO,PUMP ASSY,19767.74
758,GAIL,Oil & Gas,516913-G,RIING JOINT GKT CL150 150mm,EACH,JOINTING,931.76
635,CPCL,Oil & Gas,MAT1053912,S.S. 316 100mm PIPE SMLS SCH160,METER,MS/CS PIPE,2741.16
823,NTPC,Power,NT67699242,Hex Nut M24 Grade 4.6 Plated,EA,FASTENERS,12.58
202,IOCL,Oil & Gas,049047128,CHECK VALVE 40MM PN25 C.STEEL SCREWED,UNIT,ISOLATION VALVE,1780.49
173,ONGC,Oil & Gas,ON9398368,ERW PIPE 150MM SCH80 S.S. 316,RMT,TUBE,1501.14
1181,CIL,Mining,CIL633467,AS PER IS2062 CARBON SCH40 PIPE WELDED 25MM STEEL,METER,MS/CS PIPE,874.56
472,SAIL,Steel,S899-8868,SMLS PIPE 80MM SCH40 S.S. 316,Mtr,TUBE,2646.96
1206,GAIL,Oil & Gas,432298-G,Spherical Roller Brg 30205 2Rs,No,BEARING,1083.56
1122,BHEL,Heavy Engineering,4268/3684,SPHERICAL ROLLER 22210 2RS,EACH,BRG,165.56
855,BPCL,Oil & Gas,B-922776,SUBMERISBLE PUMP C.I.,EACH,PUMPING UNIT,82587.91
646,CIL,Mining,CIL105370,SPHERICAL ROLLER BEARING 6205 ZZ,NO,ANTI FRICTION BEARING,2071.64
607,CIL,Mining,CIL355610,hex nut m16 8.8 black,Each,FIXING,41.27
14,BPCL,Oil & Gas,B-163287,ALLEN BOLT M24X20MM GR 10.9 PLAIN,Each,FASTENER,44.06
799,SAIL,Steel,S123-7530,BEARING BALLL 22210,Each,BALL/ROLLER BRG,131.29
777,ONGC,Oil & Gas,ON5051432,MAKE SKF ERW PIPE 40 MM SCH80 STAINLESS STEEL 316,RMT,TUBE,559.82
951,BHEL,Heavy Engineering,0356/5942,SPRING WASHER M10 STAINLESS STEEL 316 PLAIN,NO,FASTENER,9.64
226,GAIL,Oil & Gas,299123-G,Taper Roller Ber 6003,EACH,ANTI FRICTION BEARING,1892.97
544,BPCL,Oil & Gas,B-103142,51110 ZZ TAPER BEARING ROLLER,NO,BEARINGS,2159.45
744,IOCL,Oil & Gas,458294203,cable 1cx1.5 sqmm cu xlpe arm 3.3kv,Mtr,POWER CABLE,182.75
145,BPCL,Oil & Gas,B-552314,GEAR PMP 1HP CARBON STEEL,NO,PUMP ASSY,72205.96
989,SAIL,Steel,S830-7755,SUBMERSIBLE PUMP 7.5HP CI MAKE FAG,EACH,PUMPS,9634.15
928,BHEL,Heavy Engineering,3746/1215,STUD BOLT M10*20MM GR 10.9 BLACK,NO,FASTENERS,67.54
859,IOCL,Oil & Gas,002302865,PLAIN M12X80MM STUD BOLT 4.6 GR.,EACH,HARDWARE,44.54
719,CIL,Mining,CIL671776,CBL 4Cx4 SQMM CU PVC ARMOURED 3.3KV REF DWG,METER,POWER CABLE,654.58
529,GAIL,Oil & Gas,246320-G,MAKE SKF HEX NUT M16 STAINLESS STL 304 PLAIN,EACH,FIXING,51.1
1047,SAIL,Steel,S940-7403,TAPER ROLLER BRNG ZZ,EA,ANTI FRICTION BEARING,1541.48
559,GAIL,Oil & Gas,739201-G,Mm Seamless 15 Sch40 Pipe,MTRS,PIPE,1230.0
592,GAIL,Oil & Gas,491891-G,SEAMLESS PIPE 80MM SCH40 GI IS 1239,M,PIPES,2802.77
13,CIL,Mining,CIL895134,Allen Grade Bolt M24X20Mm Plain 10.9,EA,BOLT & NUT,50.54
283,HPCL,Oil & Gas,H95450892,PLAIN WASHER GALVANIZED GR. 4.6 M8,EACH,BOLT & NUT,38.17
433,NTPC,Power,NT46056876,STUD BOLT M24X50MM GRADE 8.8 BLACK,EACH,FASTENER,59.78
1259,CIL,Mining,CIL273174,SCREW PUMP 7.5HP S.S.,EACH,PUMP,52585.43
944,GAIL,Oil & Gas,307167-G,SPHERICAL BEARIING 6206 ZZ,EA,BEARING,580.13
29,CIL,Mining,CIL821465,TAPER ROLLER BRG 6305 2RS,EA,BALL/ROLLER BRG,397.95
48,BHEL,Heavy Engineering,7889/2554,he x bolt m12 x 20mm grade 10.9 zinc plated,EACH,HARDWARE,48.75
1153,SAIL,Steel,S123-9933,MAKE FAG BUTTERFLY VALVE 50MM PN16 CARBON STEEL SCREWED,EACH,VALVE,2025.05
643,NTPC,Power,NT99626422,316 BLACK HEX BOLT STL STAINLESS M10X100MM,EACH,FASTENER,12.82
251,CIL,Mining,CIL502745,gear pmp 10hp c.i.,Each,PUMP,32592.13
326,IOCL,Oil & Gas,211022580,GEAR PMP 2HP C.STEEL,Each,PUMP ASSY,65340.76
1073,BPCL,Oil & Gas,B-347612,MAKE L&T JOINT PN16 80MM GSKT RING,Each,GSKT,962.93
1198,NTPC,Power,NT31608988,Cbl 3Cx25 Sqmm Al Pvc Arm 3.3Kv,MTR,WIRE,629.4
1180,IOCL,Oil & Gas,805383385,SEAMLESS PIPE 80MM SCH20 GI ASTM A106,MTR,PIPING,1672.42
448,GAIL,Oil & Gas,027160-G,AS PER IS2062 GEAR PMP 10HP SS,EACH,PUMPING UNIT,58667.23
419,CPCL,Oil & Gas,MAT6731625,ROLLER BRG 30210,Each,ANTI FRICTION BEARING,1257.87
279,HPCL,Oil & Gas,H05664187,SPRING WASHER M8 GR 4.6 GGALV,EACH,HARDWARE,28.46
329,CPCL,Oil & Gas,MAT9895343,STUD BOLT M10X40 STAINLESS STL 304 ZINC PLTED MAKE SKF,No,BOLT & NUT,26.0
168,SAIL,Steel,S281-2735,SCREW PUMP 5HP CI,EACH,PUMPING UNIT,17088.53
352,NTPC,Power,NT05384444,CENT PMP 5HP SAINLESS STEEL,EACH,PUMP ASSY,6456.05
1171,ONGC,Oil & Gas,ON2344358,submersible pump 25hp ss,No,PUMP,64432.7
528,CPCL,Oil & Gas,MAT8628720,HEX NUT M16 S.S. 304 PLAIN,EACH,BOLT & NUT,50.35
424,ONGC,Oil & Gas,ON4579389,make audco hex bolt m6x100mm ss 304 black,EA,HARDWARE,28.55
856,BHEL,Heavy Engineering,9047/3314,SUBERSIBLE PMP 2HP CAST IRON,UNIT,PUMPS,69901.12
